EmployeeID,Department,JobRole,Manager,Age,Salary,YearsAtCompany,SatisfactionLevel,Attrition,ExitReason,Date_of_Employment,Exit_Date
E0001,Sales,Account Manager,Melvin Stephens,60,127566,7,4,Yes,Career Growth,12/24/2021,1/21/2024
E0002,HR,Recruiter,Tracy Fuentes,33,160468,3,2,No,,8/4/2017,
E0003,Operations,Logistics Officer,Crystal Martinez,28,38223,2,4,Yes,Work-Life Balance,10/15/2015,8/1/2018
E0004,Sales,Sales Executive,Sydney Miranda,51,123271,1,2,No,,10/3/2020,
E0005,HR,Recruiter,Amber Fox,27,169611,8,1,Yes,Career Growth,2/16/2017,4/20/2022
E0006,HR,Recruiter,Kristen Gonzalez,57,132373,3,4,No,,11/3/2021,
E0007,Marketing,SEO Specialist,Kevin Padilla,31,152605,8,1,Yes,Work-Life Balance,1/13/2021,8/5/2024
E0008,Marketing,Content Creator,David Ayala,38,55709,3,4,No,,8/18/2021,
E0009,Finance,Financial Analyst,David Ortiz,54,197804,7,2,Yes,Manager Issues,4/11/2023,1/7/2024
E0010,Sales,Sales Rep,Bob Stewart,28,48247,1,4,No,,4/7/2016,
E0011,Marketing,SEO Specialist,Rachel Holmes,37,78064,0,5,No,,9/26/2016,
E0012,Marketing,Marketing Executive,Mark Burns MD,59,42190,1,2,Yes,Job Fit,7/4/2017,1/25/2019
E0013,Marketing,SEO Specialist,Bryan Pierce,51,169357,8,1,No,,12/17/2016,
E0014,IT,System Admin,Kimberly Cain,37,126011,2,3,No,,6/17/2022,
E0015,Operations,Operations Associate,Lisa Peck,53,95045,2,2,Yes,Career Growth,11/23/2015,7/21/2022
E0016,Marketing,Marketing Executive,Mary Johnson,41,35465,3,4,No,,10/1/2015,
E0017,Operations,Operations Associate,Melissa Horn,43,87466,8,4,No,,12/4/2019,
E0018,Finance,Accountant,Joan Peterson,60,70036,2,5,No,,3/31/2016,
E0019,Sales,Account Manager,Diane Mitchell,25,115540,0,1,No,,9/12/2022,
E0020,HR,HR Coordinator,Raymond Mendoza,31,59678,1,2,No,,4/15/2023,
E0021,Sales,Sales Rep,Louis Marks,26,174363,10,5,No,,1/31/2017,
E0022,Finance,Auditor,Tyler Mcintosh,27,123492,10,3,No,,2/14/2023,
E0023,Marketing,Marketing Executive,Christopher Mcfarland,45,165953,8,1,No,,10/4/2015,
E0024,HR,Recruiter,Jeffrey Hicks,56,75138,4,4,No,,8/20/2020,
E0025,Marketing,SEO Specialist,Debra Hill,50,36117,8,2,Yes,Manager Issues,6/17/2018,11/22/2023
E0026,Marketing,Marketing Executive,Jonathan Figueroa,25,31564,9,4,Yes,Career Growth,6/10/2021,10/2/2024
E0027,Operations,Logistics Officer,Tracy Murphy,28,65879,3,3,No,,4/19/2020,
E0028,Operations,Operations Associate,Jeffrey Newman,57,57709,6,3,No,,9/26/2022,
E0029,HR,Recruiter,Stephen Johnston,37,44829,6,5,Yes,Work-Life Balance,11/25/2018,8/27/2024
E0030,IT,System Admin,Raymond Conley,35,190547,1,2,No,,4/1/2016,
E0031,IT,Software Engineer,Rachel Lee,34,117589,7,1,No,,9/7/2022,
E0032,Marketing,Content Creator,Debra Moreno,23,94655,10,3,No,,5/20/2020,
E0033,Sales,Account Manager,Sara Porter,36,108459,10,3,No,,8/12/2016,
E0034,Marketing,SEO Specialist,Jonathan Hull,29,107177,5,2,No,,8/14/2022,
E0035,Marketing,Marketing Executive,Chloe Bailey DDS,33,99134,4,4,No,,2/27/2023,
E0036,Operations,Operations Associate,Dr. Kelly Henry,54,115705,4,4,Yes,Better Pay,3/22/2023,6/13/2023
E0037,HR,HR Specialist,Brian Oneal,40,95503,5,4,No,,12/31/2022,
E0038,Marketing,Marketing Executive,Bryan Moon,30,183729,10,4,No,,10/9/2019,
E0039,IT,System Admin,Vanessa Clark,32,77522,3,2,Yes,Manager Issues,6/30/2023,7/17/2023
E0040,IT,Data Analyst,Sarah Lopez,50,86123,10,3,No,,10/27/2015,
E0041,Finance,Accountant,Alexander Krueger,54,165490,8,4,No,,9/5/2020,
E0042,Finance,Accountant,Timothy Davis,28,94038,4,3,No,,6/14/2022,
E0043,Sales,Account Manager,Sarah Hubbard,48,66059,7,2,No,,7/13/2020,
E0044,Operations,Operations Associate,Robert Stephens,47,34704,2,5,No,,2/13/2021,
E0045,Marketing,Content Creator,Joseph Harris,50,189006,4,3,No,,7/22/2018,
E0046,Finance,Financial Analyst,John Elliott,26,170509,9,5,No,,8/9/2018,
E0047,IT,System Admin,Robert Lee,37,129132,1,1,No,,7/2/2022,
E0048,Sales,Account Manager,Patrick Green,50,79395,4,4,No,,5/10/2018,
E0049,Sales,Sales Rep,Daniel Sullivan,26,189556,1,3,No,,2/25/2018,
E0050,IT,Data Analyst,Douglas Lynch,50,102170,0,1,No,,9/13/2019,
E0051,Marketing,Marketing Executive,Karen Alvarado,23,116427,3,5,No,,4/18/2023,
E0052,HR,HR Specialist,Anna King,39,70119,9,2,No,,11/1/2021,
E0053,IT,System Admin,Omar Mcguire,60,121203,1,3,No,,2/13/2016,
E0054,Operations,Operations Associate,Christine Williams,37,138431,1,3,Yes,Relocation,6/9/2019,5/4/2021
E0055,Sales,Account Manager,Richard Martinez,60,52601,1,1,No,,1/11/2022,
E0056,Sales,Sales Executive,Jessica Clark,45,183596,8,1,No,,12/15/2022,
E0057,Finance,Financial Analyst,Timothy Powell,22,197366,8,3,No,,4/1/2021,
E0058,Operations,Operations Associate,Derrick Lin,51,110368,4,4,No,,4/22/2020,
E0059,Sales,Sales Executive,Catherine Shepard,43,49597,10,2,Yes,Career Growth,10/1/2018,7/9/2019
E0060,Sales,Sales Executive,Angela Bowers,26,169699,6,1,No,,8/21/2020,
E0061,IT,System Admin,Michael Wheeler,55,56518,3,1,No,,6/10/2021,
E0062,Operations,Quality Analyst,Peter Brown,46,151560,10,5,Yes,Job Fit,6/28/2016,2/26/2021
E0063,Operations,Quality Analyst,Brittany Obrien,51,184555,9,2,Yes,Manager Issues,9/4/2018,1/18/2022
E0064,Sales,Account Manager,Jennifer Jones,27,132690,6,4,No,,5/17/2021,
E0065,HR,Recruiter,Tina Paul,56,166009,5,5,No,,11/14/2022,
E0066,HR,Recruiter,Charles Cox,29,37199,7,5,No,,4/7/2022,
E0067,HR,HR Coordinator,Dr. Christopher Lozano,55,161361,5,2,Yes,Job Fit,1/16/2021,8/19/2022
E0068,Marketing,Marketing Executive,Stephen May,34,104010,0,1,Yes,Relocation,10/16/2022,12/23/2022
E0069,Sales,Account Manager,Amy White,47,99278,4,3,No,,10/17/2015,
E0070,Marketing,Content Creator,Amanda Perry,46,198170,2,3,Yes,Job Fit,5/11/2022,8/20/2023
E0071,Finance,Accountant,Amanda Moreno,35,117110,4,5,No,,11/21/2017,
E0072,Sales,Sales Rep,Marie Shaw,36,150970,0,2,Yes,Career Growth,9/26/2021,6/5/2024
E0073,Operations,Operations Associate,Sarah Smith,24,104430,10,3,No,,12/5/2019,
E0074,Sales,Sales Executive,Michelle Lloyd,46,128896,9,1,No,,4/12/2018,
E0075,Operations,Logistics Officer,Shelley Trujillo,23,177888,3,5,Yes,Manager Issues,1/24/2020,10/1/2020
E0076,IT,Software Engineer,Nancy Hodge,58,180425,10,4,Yes,Job Fit,7/6/2016,11/18/2020
E0077,Finance,Accountant,Kelly Schwartz,32,170979,0,5,No,,12/23/2016,
E0078,Finance,Financial Analyst,Clifford Henry,22,124264,2,4,No,,9/1/2021,
E0079,Sales,Sales Rep,Ruben Barnes,23,102415,4,4,No,,6/9/2019,
E0080,HR,Recruiter,Amy Wolf,35,64721,6,4,No,,1/3/2023,
E0081,IT,Data Analyst,Jacqueline Alvarado,47,195418,5,4,No,,2/19/2021,
E0082,HR,HR Coordinator,Russell Elliott,55,56543,9,5,No,,1/5/2022,
E0083,Sales,Sales Executive,Kristina Chavez,39,181166,9,5,No,,6/18/2018,
E0084,Marketing,Marketing Executive,Cassandra Romero,29,173847,2,3,Yes,Relocation,6/22/2021,5/21/2022
E0085,HR,HR Specialist,Patrick Fisher,30,65273,9,2,No,,4/28/2018,
E0086,Sales,Sales Rep,Mr. Charles Chambers,45,65231,10,4,No,,6/13/2016,
E0087,HR,HR Coordinator,Emily Moreno,46,106528,8,1,No,,11/24/2019,
E0088,Marketing,Marketing Executive,Dr. Krista Merritt PhD,26,87646,10,4,No,,9/20/2020,
E0089,IT,Data Analyst,Steven Garcia,57,80184,1,4,No,,12/24/2016,
E0090,Operations,Logistics Officer,Peggy Sanders,44,165467,1,4,No,,3/17/2018,
E0091,Sales,Sales Executive,Brian Moore,47,176694,3,4,No,,1/3/2023,
E0092,Operations,Quality Analyst,Kenneth Herrera,54,143448,5,1,No,,5/2/2018,
E0093,HR,HR Coordinator,Alex Bauer,46,183552,2,3,Yes,Job Fit,3/7/2021,8/9/2025
E0094,IT,Software Engineer,Steven Ramsey,58,136300,9,5,No,,11/2/2022,
E0095,Operations,Logistics Officer,Donald Gregory,38,161807,10,4,No,,12/7/2021,
E0096,Finance,Accountant,Heather Miller,42,155785,3,1,No,,6/27/2018,
E0097,Marketing,SEO Specialist,Leslie Rodriguez,22,101188,10,2,No,,3/16/2016,
E0098,HR,Recruiter,Danielle Caldwell,54,162399,9,4,No,,11/27/2015,
E0099,Marketing,SEO Specialist,Kristin Day,53,85921,5,5,No,,10/21/2019,
E0100,Marketing,Content Creator,Chelsey Edwards,60,138099,7,1,No,,6/28/2016,
E0101,Marketing,Marketing Executive,Gina Jackson,22,136345,4,2,No,,3/22/2022,
E0102,Sales,Sales Rep,Michael Rodriguez,25,78699,5,1,No,,12/10/2021,
E0103,Operations,Operations Associate,Jermaine Brown,31,118847,3,2,Yes,Relocation,6/29/2020,5/7/2025
E0104,Finance,Financial Analyst,Kevin James,41,116535,1,4,No,,6/10/2020,
E0105,Sales,Account Manager,Katrina Schaefer,53,74930,2,4,No,,3/8/2016,
E0106,HR,HR Specialist,Carly Jackson,22,39655,7,4,Yes,Manager Issues,8/23/2023,3/23/2025
E0107,Operations,Operations Associate,Jennifer Griffin,41,101165,2,1,No,,9/6/2018,
E0108,Marketing,SEO Specialist,Devin Thomas,46,136121,1,3,No,,2/2/2021,
E0109,HR,HR Coordinator,Christopher Hampton,44,116991,9,3,Yes,Better Pay,1/30/2017,4/17/2018
E0110,Operations,Logistics Officer,Ms. Cassandra Anderson,24,152073,1,4,No,,2/23/2020,
E0111,Operations,Logistics Officer,Daniel Gonzales,29,121730,7,3,No,,7/18/2016,
E0112,HR,HR Coordinator,Laura Miller,36,177404,5,1,No,,8/5/2020,
E0113,Marketing,Marketing Executive,Stacy Thomas,36,73407,9,4,No,,11/15/2019,
E0114,Sales,Sales Executive,Kimberly Hardy,50,147520,8,1,No,,1/14/2016,
E0115,IT,Data Analyst,Cory Moore,22,85411,1,5,Yes,Manager Issues,5/16/2020,7/10/2024
E0116,Finance,Auditor,Thomas Johnson,44,36890,7,1,Yes,Manager Issues,5/21/2020,12/2/2022
E0117,Finance,Auditor,Brian Solomon,27,59781,4,5,No,,3/29/2017,
E0118,Operations,Operations Associate,Scott Stone,41,99240,8,2,Yes,Manager Issues,9/12/2020,8/26/2023
E0119,Finance,Auditor,Candace Murphy,40,119141,6,3,Yes,Job Fit,10/30/2021,4/2/2023
E0120,IT,System Admin,Cynthia Garcia,54,164566,6,3,No,,6/25/2017,
E0121,Operations,Logistics Officer,Sarah Yates,57,101045,3,3,No,,3/19/2021,
E0122,Operations,Logistics Officer,Anne Gutierrez,60,155081,9,4,No,,5/21/2019,
E0123,Finance,Auditor,Luke Scott,31,83960,1,3,Yes,Career Growth,1/20/2019,6/5/2021
E0124,HR,Recruiter,Tara Woods,30,36515,5,5,Yes,Work-Life Balance,4/29/2016,6/19/2021
E0125,Sales,Sales Rep,Carlos Brooks,32,44768,5,4,No,,6/10/2018,
E0126,Finance,Accountant,Matthew Snyder,34,45896,10,3,Yes,Relocation,1/25/2022,12/9/2023
E0127,IT,Software Engineer,Robert Savage,43,97221,3,4,No,,2/3/2023,
E0128,HR,HR Specialist,Mary Thomas,38,180388,2,5,No,,8/21/2016,
E0129,Operations,Logistics Officer,Angela Dalton,53,97968,3,3,Yes,Career Growth,10/1/2016,8/29/2018
E0130,HR,HR Coordinator,Erin Gibbs,57,42778,6,4,No,,7/22/2019,
E0131,Finance,Financial Analyst,Thomas Shepard MD,59,53230,8,1,Yes,Work-Life Balance,6/24/2019,5/5/2022
E0132,IT,Data Analyst,Carol Landry,60,147063,0,1,No,,4/15/2017,
E0133,Sales,Sales Rep,Sue Downs,40,67960,9,4,No,,9/18/2021,
E0134,IT,Software Engineer,Renee Wilson,40,80153,10,2,No,,10/29/2016,
E0135,Operations,Quality Analyst,Emily Jackson,49,138588,0,4,No,,5/3/2019,
E0136,Marketing,Content Creator,Darrell Clark,42,185590,6,5,Yes,Work-Life Balance,1/1/2020,2/24/2022
E0137,Marketing,Content Creator,Kevin Gardner,33,180085,0,1,No,,11/8/2022,
E0138,HR,HR Coordinator,Steven Weiss,33,183814,5,2,No,,10/12/2021,
E0139,Finance,Auditor,Kathleen Pierce,52,113077,0,3,No,,3/26/2020,
E0140,Marketing,Marketing Executive,Laurie Mills,55,199107,4,1,No,,3/27/2021,
E0141,Sales,Account Manager,Joseph Smith,46,53746,6,3,No,,3/24/2018,
E0142,HR,HR Coordinator,Gloria Austin,43,37402,0,3,No,,4/4/2020,
E0143,Sales,Sales Executive,Katie Clark,44,27593,4,5,No,,2/7/2017,
E0144,Finance,Accountant,Kim Johnson,33,106636,1,1,No,,8/12/2020,
E0145,Operations,Operations Associate,Stephanie Simmons,33,59764,4,5,No,,7/18/2022,
E0146,Sales,Sales Rep,Bryan Long,24,74479,2,1,No,,8/8/2017,
E0147,Marketing,SEO Specialist,Julian Myers,25,75616,9,2,Yes,Career Growth,9/8/2016,8/22/2017
E0148,Marketing,Content Creator,Henry Nelson,25,60855,2,1,Yes,Career Growth,11/18/2020,4/27/2025
E0149,Marketing,SEO Specialist,Christian Miller,57,160024,7,3,Yes,Career Growth,6/4/2016,2/2/2023
E0150,Finance,Financial Analyst,Karen Morales,44,114275,7,2,Yes,Relocation,4/2/2021,7/26/2023
E0151,Operations,Logistics Officer,Linda Woods,23,62632,6,2,No,,5/29/2017,
E0152,IT,System Admin,Leslie Jones,33,32476,3,4,Yes,Work-Life Balance,7/1/2017,11/22/2018
E0153,IT,Data Analyst,Leslie Rice,28,123640,9,2,No,,8/20/2020,
E0154,Finance,Auditor,David Garcia,23,116420,0,3,Yes,Relocation,5/5/2017,4/14/2020
E0155,HR,HR Specialist,Justin Morse,25,181634,3,5,No,,5/21/2016,
E0156,HR,HR Specialist,Joseph Garza,56,194468,5,1,Yes,Manager Issues,2/14/2016,7/1/2024
E0157,HR,HR Coordinator,Victoria Williams,60,99802,8,4,No,,2/17/2016,
E0158,Operations,Quality Analyst,Kimberly Little,49,68074,6,4,No,,2/6/2021,
E0159,Operations,Quality Analyst,Shannon Turner,51,125159,4,4,Yes,Career Growth,2/9/2022,7/28/2023
E0160,Operations,Quality Analyst,Angela Davidson,41,63846,8,3,No,,3/15/2019,
E0161,Finance,Accountant,Jason Turner,39,106709,7,1,Yes,Work-Life Balance,3/16/2023,10/21/2024
E0162,Sales,Sales Executive,Tamara Jackson,28,135304,4,1,No,,5/31/2023,
E0163,Marketing,Content Creator,Ronald Moran,57,193081,9,1,No,,6/14/2016,
E0164,Operations,Quality Analyst,Melissa Barrett,55,124213,5,3,No,,10/5/2016,
E0165,IT,Software Engineer,Harold Scott,58,63826,3,5,No,,1/12/2019,
E0166,Finance,Financial Analyst,John Wright,24,62452,7,3,No,,5/2/2023,
E0167,Finance,Auditor,Austin Johnson,41,155316,8,4,No,,10/22/2019,
E0168,Sales,Sales Executive,Cheryl Brooks,59,121320,8,3,No,,10/3/2018,
E0169,Marketing,SEO Specialist,Amanda Dodson,35,162624,1,2,No,,1/15/2021,
E0170,Finance,Auditor,Amanda Hale,54,33078,4,3,No,,12/5/2020,
E0171,Finance,Accountant,Johnathan Reilly,47,175294,2,3,No,,10/31/2022,
E0172,HR,HR Coordinator,Philip Meyers,46,184822,10,2,No,,5/2/2021,
E0173,HR,Recruiter,Katie Anderson,23,139470,9,2,No,,5/1/2022,
E0174,Finance,Accountant,Billy Salazar,39,186100,6,5,No,,1/1/2020,
E0175,Sales,Sales Executive,Aaron Allen,41,150162,10,2,No,,3/16/2016,
E0176,Finance,Financial Analyst,Nancy Shaw,50,153157,8,4,No,,9/25/2020,
E0177,Marketing,SEO Specialist,Aaron Hart,31,192844,2,2,No,,8/8/2022,
E0178,Marketing,SEO Specialist,Todd Pope,34,94046,2,4,No,,1/8/2016,
E0179,Marketing,Marketing Executive,Tiffany Davis,45,151867,1,4,No,,1/18/2023,
E0180,Operations,Operations Associate,Juan Long,23,158077,6,2,No,,2/18/2017,
E0181,HR,Recruiter,Michael Douglas,45,163503,10,1,No,,8/3/2023,
E0182,Sales,Sales Rep,Jennifer Holloway,33,34690,3,4,No,,5/25/2019,
E0183,Operations,Operations Associate,Heather Russell,37,173503,3,3,No,,7/10/2019,
E0184,Sales,Account Manager,Mary Reed,48,138418,0,4,No,,10/5/2015,
E0185,HR,HR Specialist,Derrick Vaughn,36,85170,7,3,No,,9/4/2018,
E0186,Finance,Accountant,Bonnie Luna,23,122465,8,5,Yes,Manager Issues,12/31/2015,8/3/2020
E0187,Operations,Operations Associate,Nancy Blevins,38,28454,3,2,No,,10/8/2015,
E0188,Finance,Accountant,Christina Hamilton,40,71745,9,5,Yes,Career Growth,4/29/2017,1/7/2020
E0189,Operations,Logistics Officer,Stephen Payne,37,181687,7,4,Yes,Career Growth,4/12/2021,8/10/2023
E0190,Operations,Logistics Officer,Michael Woodward,28,176215,8,4,No,,3/9/2021,
E0191,Finance,Financial Analyst,Brandon Lewis,54,187807,4,3,Yes,Better Pay,3/25/2023,9/20/2024
E0192,Sales,Sales Executive,James Newman,57,73887,6,3,No,,1/2/2021,
E0193,HR,Recruiter,Michelle Rogers,48,78886,7,1,No,,10/11/2017,
E0194,Operations,Operations Associate,Brandon Pena,27,110974,10,2,No,,7/9/2020,
E0195,HR,HR Coordinator,Monique Hoffman,56,182812,4,2,Yes,Career Growth,12/9/2017,9/6/2021
E0196,Sales,Sales Rep,Robert Jones,41,64444,3,1,Yes,Relocation,12/1/2018,7/13/2023
E0197,Finance,Financial Analyst,Anna Nelson,54,126953,7,5,Yes,Work-Life Balance,9/15/2018,11/26/2018
E0198,Finance,Auditor,Melvin Cline,27,178983,1,1,No,,6/6/2017,
E0199,Finance,Auditor,Kristen Berger,22,139781,9,4,Yes,Work-Life Balance,5/11/2018,11/25/2020
E0200,Sales,Sales Executive,Aimee Edwards,57,168648,9,3,No,,4/25/2017,
E0201,HR,HR Coordinator,Micheal Weiss,27,87545,3,5,Yes,Manager Issues,9/6/2018,9/11/2024
E0202,Sales,Sales Executive,Lori Brown,59,91197,7,2,No,,2/20/2021,
E0203,Marketing,SEO Specialist,Shelby Sanders,44,184772,5,5,No,,5/25/2017,
E0204,Sales,Sales Executive,Mary Bailey,22,110999,0,3,No,,8/11/2017,
E0205,IT,Software Engineer,Kimberly Morgan,48,171836,9,1,No,,4/22/2022,
E0206,IT,Software Engineer,Kevin King MD,55,179088,6,2,No,,5/28/2018,
E0207,IT,Software Engineer,Ian Shaffer,44,112821,5,4,Yes,Better Pay,6/27/2017,12/17/2020
E0208,IT,Software Engineer,Jose Watkins,49,131542,1,5,No,,5/17/2023,
E0209,IT,Data Analyst,Gregory Barrett,53,186371,0,2,No,,4/18/2017,
E0210,IT,System Admin,Mark Bender,39,134180,5,3,No,,5/11/2016,
E0211,Sales,Sales Executive,Sarah Sosa,57,130126,5,5,No,,4/16/2023,
E0212,Operations,Quality Analyst,Brian Parsons,37,35984,7,5,No,,6/10/2021,
E0213,Sales,Sales Rep,Jordan Davidson,25,189833,3,2,Yes,Better Pay,10/21/2020,11/4/2022
E0214,Sales,Sales Executive,James Clark,30,62614,8,5,No,,10/20/2019,
E0215,Marketing,SEO Specialist,Emily Navarro,43,159642,1,2,No,,7/30/2016,
E0216,Sales,Sales Executive,Joseph Garcia,59,193598,9,3,Yes,Better Pay,9/19/2016,7/29/2023
E0217,Sales,Account Manager,Christopher Black,44,95937,4,4,No,,5/11/2018,
E0218,Finance,Financial Analyst,Michael Phillips,22,56248,0,5,No,,6/3/2017,
E0219,Finance,Financial Analyst,Jeff Summers,56,83685,8,4,No,,1/28/2018,
E0220,Operations,Operations Associate,Jamie Johnson,39,135655,10,2,Yes,Work-Life Balance,3/8/2021,9/19/2024
E0221,Sales,Account Manager,Jamie Mcdowell,57,178721,7,3,No,,8/5/2018,
E0222,Operations,Operations Associate,Rachel Gray,38,29506,0,5,Yes,Relocation,11/27/2018,9/5/2021
E0223,IT,System Admin,Laura Merritt,44,197292,3,3,No,,12/3/2022,
E0224,Finance,Accountant,Nicole Bailey,22,189232,6,4,No,,6/29/2017,
E0225,Marketing,Content Creator,Scott Dunn,39,90388,7,5,No,,12/30/2015,
E0226,Operations,Operations Associate,Robert Payne,26,99947,10,1,No,,4/30/2019,
E0227,HR,HR Specialist,Brian Floyd,22,139184,9,4,No,,11/19/2015,
E0228,Finance,Financial Analyst,Jennifer Young,53,135410,3,2,No,,9/9/2016,
E0229,Operations,Quality Analyst,Diana Miranda,60,58039,3,1,No,,6/1/2023,
E0230,IT,Software Engineer,Teresa Marshall,42,109878,1,3,No,,12/17/2018,
E0231,Operations,Logistics Officer,Bobby King,57,176071,6,5,No,,10/5/2016,
E0232,Operations,Logistics Officer,Shirley Gray,36,122688,7,1,Yes,Work-Life Balance,2/10/2023,1/26/2024
E0233,Sales,Sales Rep,Jason Crane,33,127985,6,1,No,,9/26/2019,
E0234,Finance,Accountant,Paul Strickland,54,144935,6,5,No,,12/27/2021,
E0235,Operations,Logistics Officer,Christina Hill,43,100054,5,4,Yes,Work-Life Balance,9/2/2016,5/3/2023
E0236,Marketing,Marketing Executive,Peter Lee,27,30237,4,1,No,,8/8/2022,
E0237,Finance,Financial Analyst,Robert Anderson,38,93348,0,4,No,,8/14/2017,
E0238,IT,System Admin,Kaitlyn Thompson,41,148901,4,3,Yes,Better Pay,6/18/2022,1/9/2023
E0239,Marketing,Content Creator,Dawn Johnson,39,94514,7,1,No,,1/20/2022,
E0240,IT,Data Analyst,Emily Glass,23,66799,8,1,No,,8/29/2022,
E0241,Marketing,Marketing Executive,Lisa Miller,54,87452,5,2,No,,7/26/2021,
E0242,Operations,Quality Analyst,Michelle Hutchinson,22,130565,4,3,No,,5/18/2020,
E0243,Operations,Quality Analyst,Judith Taylor,38,182577,2,2,No,,6/11/2020,
E0244,Marketing,Content Creator,Marcia Walton,53,75897,2,5,Yes,Job Fit,8/11/2018,7/8/2024
E0245,Finance,Accountant,Andrea Alvarez,29,143868,0,3,No,,11/13/2019,
E0246,IT,System Admin,Danielle Johnston,57,187650,2,4,Yes,Manager Issues,4/28/2020,11/1/2021
E0247,Sales,Sales Executive,Joan Whitehead,46,131534,10,5,No,,4/26/2023,
E0248,Finance,Auditor,Amanda Smith,44,195343,6,2,No,,3/28/2023,
E0249,Marketing,SEO Specialist,Paul Pratt,60,134988,1,5,No,,10/3/2021,
E0250,Finance,Auditor,Kelly Mills,54,65445,8,5,No,,3/17/2019,
E0251,Operations,Quality Analyst,Mary Hicks,26,149358,0,1,No,,11/10/2017,
E0252,Sales,Account Manager,Darin Wallace,59,26782,4,4,Yes,Better Pay,8/11/2018,7/14/2024
E0253,Marketing,SEO Specialist,Crystal Leonard,26,31447,8,5,No,,1/20/2020,
E0254,Operations,Quality Analyst,Bradley Barron,26,91398,5,3,Yes,Relocation,10/17/2019,4/29/2024
E0255,Operations,Quality Analyst,Robert Santiago,42,110537,6,1,No,,6/19/2022,
E0256,IT,Software Engineer,Billy Solomon,30,67912,8,2,No,,8/25/2020,
E0257,HR,HR Coordinator,Misty Davis,24,176853,6,4,No,,5/26/2016,
E0258,Marketing,Marketing Executive,Sydney Moran,34,102391,3,1,No,,7/4/2018,
E0259,IT,Data Analyst,John Chan,33,151713,3,2,No,,9/19/2022,
E0260,IT,Data Analyst,Derrick Gordon,35,173260,3,2,Yes,Manager Issues,10/11/2017,11/4/2017
E0261,IT,Software Engineer,Lisa Hoffman,57,184236,1,4,No,,4/8/2021,
E0262,Finance,Auditor,Caleb Barnes,24,198742,9,3,No,,8/3/2018,
E0263,IT,Software Engineer,Mitchell Mcbride,23,171287,1,3,Yes,Work-Life Balance,10/23/2018,5/3/2025
E0264,Sales,Account Manager,Casey Walker,27,143907,9,4,Yes,Job Fit,12/20/2020,8/13/2023
E0265,IT,Data Analyst,Melissa Williams,42,189963,1,4,No,,3/21/2019,
E0266,Sales,Sales Executive,Jake Mills,51,61623,10,3,No,,5/15/2017,
E0267,Marketing,SEO Specialist,Jamie Smith,51,101201,6,3,Yes,Better Pay,1/8/2016,1/24/2019
E0268,Operations,Logistics Officer,Curtis Spears,44,166723,9,1,No,,6/13/2018,
E0269,HR,HR Coordinator,Nathan Wall,32,152325,4,2,No,,6/24/2022,
E0270,Marketing,SEO Specialist,Mrs. Amanda Soto,31,72871,0,2,No,,4/3/2016,
E0271,Finance,Financial Analyst,Megan Shepherd,32,191512,2,4,No,,7/23/2016,
E0272,Finance,Accountant,Debra Hansen,24,190711,2,5,Yes,Work-Life Balance,12/9/2016,2/23/2023
E0273,Finance,Auditor,Jessica Haley,46,94255,10,4,No,,12/11/2015,
E0274,Finance,Accountant,Melissa Wright,24,71463,1,4,No,,10/4/2018,
E0275,Marketing,Content Creator,Angela Ortega,60,43760,9,4,Yes,Work-Life Balance,6/28/2016,10/2/2021
E0276,IT,Software Engineer,Stephen Gonzales,39,121689,0,3,Yes,Career Growth,1/10/2022,2/5/2023
E0277,IT,Software Engineer,Daniel Freeman,24,84971,4,5,No,,4/6/2022,
E0278,Sales,Sales Executive,Jacqueline Haney,31,33788,6,3,No,,11/12/2018,
E0279,Sales,Account Manager,Julie Harper,45,189619,2,2,No,,7/17/2022,
E0280,Operations,Logistics Officer,Dustin Alvarado,29,148609,1,2,No,,3/28/2021,
E0281,HR,Recruiter,Daniel Lloyd,40,59178,5,4,No,,9/23/2022,
E0282,Marketing,SEO Specialist,Kimberly Harris,36,118915,6,2,Yes,Work-Life Balance,4/21/2020,5/22/2023
E0283,Marketing,SEO Specialist,Caleb Wilson Jr.,32,74146,5,3,No,,2/1/2018,
E0284,HR,HR Specialist,Kristen Soto PhD,59,127796,4,2,No,,9/10/2017,
E0285,HR,Recruiter,Melissa Estes,35,57806,7,5,No,,3/25/2023,
E0286,Marketing,Content Creator,Dr. Jennifer Bryan MD,37,141874,7,2,Yes,Work-Life Balance,1/23/2020,9/29/2023
E0287,Marketing,Marketing Executive,Rita Banks,38,140718,5,2,No,,12/1/2016,
E0288,IT,Software Engineer,Alexander Holloway,51,175333,7,1,No,,9/19/2020,
E0289,HR,HR Coordinator,Michael Duncan,56,100430,6,3,No,,5/17/2021,
E0290,Finance,Accountant,Brian Hansen,59,116416,4,4,Yes,Relocation,5/31/2017,11/23/2019
E0291,Operations,Quality Analyst,Cheryl Perkins,32,163895,10,3,No,,6/8/2019,
E0292,Marketing,Content Creator,Zachary Thornton,58,42151,6,1,No,,3/27/2022,
E0293,Sales,Sales Rep,Stephen Williams,47,121899,1,3,No,,9/4/2020,
E0294,Marketing,Content Creator,Krista Edwards,40,110674,7,5,Yes,Manager Issues,9/4/2017,4/14/2024
E0295,Operations,Quality Analyst,Tracy Reyes,48,168813,9,2,No,,5/2/2022,
E0296,Operations,Quality Analyst,Danielle Bass,29,71761,9,4,No,,3/16/2021,
E0297,Marketing,Content Creator,Amy Tran,45,99978,4,2,No,,8/21/2023,
E0298,Marketing,SEO Specialist,Amy Miller,52,76320,3,1,No,,12/22/2016,
E0299,HR,HR Coordinator,Gina Phillips,23,48021,4,3,Yes,Relocation,2/25/2022,4/9/2025
E0300,Operations,Logistics Officer,Matthew Sanders,53,114765,1,1,Yes,Job Fit,11/28/2020,6/1/2024
E0301,Finance,Accountant,Madison Payne,48,114368,2,2,Yes,Manager Issues,3/19/2019,6/29/2023
E0302,Operations,Logistics Officer,Lisa Ashley,26,62125,5,3,Yes,Better Pay,6/6/2018,12/13/2021
E0303,IT,Software Engineer,Joseph Wright,27,42454,9,1,No,,12/10/2018,
E0304,HR,HR Specialist,Susan Wade,37,76158,6,3,No,,11/1/2020,
E0305,Finance,Financial Analyst,Michael Miller,52,159867,0,2,No,,10/31/2015,
E0306,IT,Data Analyst,Cynthia Thompson,51,175572,4,4,No,,11/27/2015,
E0307,Sales,Sales Rep,David Young,47,42386,5,3,Yes,Relocation,2/23/2017,6/1/2021
E0308,Sales,Sales Executive,Michael Hensley,31,74011,9,4,No,,10/4/2018,
E0309,HR,Recruiter,Jennifer Riley,29,59670,9,4,Yes,Job Fit,8/1/2018,9/28/2019
E0310,Finance,Financial Analyst,Jonathan Mcdaniel,39,117189,3,4,No,,11/29/2019,
E0311,Finance,Financial Analyst,Mary Cross,59,78998,3,5,Yes,Relocation,10/25/2019,3/20/2024
E0312,Operations,Operations Associate,Daniel Caldwell,24,34603,3,3,Yes,Job Fit,7/7/2017,2/12/2022
E0313,IT,Data Analyst,Allison Richard,46,45164,2,1,No,,4/11/2023,
E0314,Operations,Quality Analyst,Kevin Diaz,27,30866,4,1,No,,3/2/2017,
E0315,Operations,Quality Analyst,Destiny Wong,52,141996,10,3,No,,7/29/2016,
E0316,IT,Data Analyst,Ashley Roberts,46,105549,4,2,No,,5/29/2017,
E0317,Sales,Account Manager,Brittany Alvarez,47,27349,4,1,Yes,Career Growth,3/28/2020,2/9/2023
E0318,HR,Recruiter,Jonathan Brown,54,192661,10,3,No,,8/3/2016,
E0319,Sales,Sales Rep,Cynthia Robinson,52,26839,4,4,Yes,Work-Life Balance,5/12/2017,10/28/2019
E0320,Sales,Sales Rep,Tony Thomas,44,115087,1,2,Yes,Manager Issues,4/2/2017,1/30/2023
E0321,Operations,Operations Associate,Benjamin Fox,46,139496,8,5,No,,3/6/2016,
E0322,IT,System Admin,Jeffrey Ward,47,167774,10,1,No,,11/10/2018,
E0323,Marketing,Marketing Executive,Rebecca Garcia,25,189799,3,5,Yes,Career Growth,11/15/2021,4/27/2025
E0324,Finance,Accountant,Elizabeth Smith,54,160482,4,5,Yes,Better Pay,12/27/2016,11/5/2020
E0325,Finance,Financial Analyst,Joel Shaw,59,95103,10,2,No,,10/2/2016,
E0326,Marketing,Marketing Executive,William Smith,59,128852,8,5,Yes,Better Pay,8/4/2017,6/9/2024
E0327,IT,System Admin,Gordon Haley,50,161800,7,4,No,,4/12/2021,
E0328,HR,Recruiter,Tonya Porter,31,147241,4,4,No,,12/13/2019,
E0329,Finance,Accountant,Jessica Torres,36,190972,3,2,No,,2/23/2020,
E0330,Operations,Quality Analyst,Catherine Foster,32,156905,10,5,No,,5/7/2016,
E0331,Operations,Operations Associate,James Salazar,43,198127,7,4,No,,12/20/2018,
E0332,Sales,Account Manager,Matthew Lang,32,100921,0,4,Yes,Better Pay,3/1/2017,3/3/2023
E0333,IT,Data Analyst,Kristy Jordan,34,69489,10,5,No,,12/28/2022,
E0334,Marketing,Marketing Executive,Stacy Phillips,38,63979,5,1,No,,6/25/2023,
E0335,Marketing,Marketing Executive,Nathan Gregory,37,89474,4,5,No,,9/21/2019,
E0336,IT,System Admin,Julia Carter,33,37841,0,3,No,,12/19/2020,
E0337,Operations,Quality Analyst,Katherine Norris,40,30007,0,1,No,,9/5/2016,
E0338,Operations,Logistics Officer,Jessica Roberson,39,121951,4,3,No,,8/13/2018,
E0339,Finance,Auditor,Melissa Strong,52,156388,5,4,No,,9/25/2020,
E0340,HR,HR Coordinator,Pamela Rodriguez,37,31169,2,5,No,,6/4/2020,
E0341,Finance,Auditor,Eric Chapman,30,42403,9,3,Yes,Job Fit,8/18/2023,4/29/2025
E0342,Finance,Auditor,Heather Mccormick,51,129720,8,1,Yes,Better Pay,4/14/2019,3/29/2024
E0343,IT,Data Analyst,Robert Rios,60,140299,2,5,Yes,Work-Life Balance,11/21/2015,7/26/2017
E0344,Sales,Sales Rep,Jeremiah Peterson,24,131755,0,3,No,,10/16/2018,
E0345,Operations,Operations Associate,Franklin Chandler,32,159602,9,2,No,,10/14/2020,
E0346,IT,Software Engineer,Marcus Turner,37,62828,8,4,No,,11/26/2015,
E0347,Operations,Logistics Officer,Douglas Pena,28,120576,10,4,No,,1/17/2020,
E0348,Operations,Operations Associate,Leslie Gonzales,23,143842,2,1,No,,12/28/2020,
E0349,Operations,Logistics Officer,Jeffery Smith,52,178296,4,4,No,,6/11/2021,
E0350,Operations,Logistics Officer,Melanie Allison,53,50036,4,5,Yes,Better Pay,10/28/2017,5/25/2024
E0351,Finance,Auditor,Bobby Taylor,43,82672,6,1,Yes,Work-Life Balance,10/16/2020,2/13/2021
E0352,IT,Software Engineer,Harry Gardner,53,94624,1,2,No,,7/22/2023,
E0353,Sales,Sales Executive,Brittany Snow,34,61623,9,5,No,,11/28/2020,
E0354,IT,System Admin,Mr. Steven Black,34,84587,4,3,No,,4/15/2017,
E0355,IT,Data Analyst,Kyle Harris,50,161632,5,4,Yes,Work-Life Balance,4/21/2020,7/14/2020
E0356,Finance,Financial Analyst,Frank Zhang,28,159343,9,3,Yes,Better Pay,10/21/2021,1/9/2023
E0357,IT,System Admin,Rebecca Vasquez,54,51046,4,3,No,,9/7/2019,
E0358,Finance,Auditor,Holly Mejia,27,162916,7,5,Yes,Work-Life Balance,3/19/2016,4/5/2025
E0359,Operations,Operations Associate,Crystal Roberts,39,53821,1,4,No,,8/14/2017,
E0360,Sales,Sales Executive,Luis Evans,53,144301,1,3,Yes,Relocation,9/22/2017,10/14/2017
E0361,Operations,Quality Analyst,Nicholas Moss,38,161666,5,1,No,,1/31/2017,
E0362,Sales,Sales Executive,Kathy Juarez,40,112197,10,3,No,,12/11/2020,
E0363,Sales,Sales Executive,Ashley Harris,40,109974,10,2,No,,4/1/2019,
E0364,IT,Software Engineer,Emily Bates,54,126094,6,4,No,,7/25/2019,
E0365,IT,Data Analyst,Anthony Robinson,28,68495,8,1,Yes,Job Fit,9/18/2015,11/13/2020
E0366,Operations,Quality Analyst,Donald Snyder,53,141112,5,1,No,,8/31/2020,
E0367,Operations,Operations Associate,Dustin Kennedy,27,134558,4,5,No,,9/28/2022,
E0368,Sales,Account Manager,Kevin Lozano,50,176941,7,2,No,,12/15/2020,
E0369,Sales,Sales Rep,Sierra Pollard,42,73738,9,2,No,,3/22/2021,
E0370,Finance,Financial Analyst,Steven Webb,39,98027,0,4,Yes,Relocation,10/7/2020,2/8/2022
E0371,Operations,Logistics Officer,Rebecca White,49,101355,0,4,Yes,Career Growth,2/4/2018,1/26/2023
E0372,Sales,Sales Executive,Chelsey Blackburn PhD,34,153440,3,3,Yes,Manager Issues,8/11/2019,5/10/2024
E0373,HR,HR Specialist,Timothy Graham,32,198864,6,1,No,,3/24/2021,
E0374,Marketing,Content Creator,Hayley Jacobson,24,155022,3,5,Yes,Career Growth,5/21/2021,8/18/2021
E0375,Marketing,Marketing Executive,Juan Chapman,28,84344,10,2,No,,10/12/2017,
E0376,Finance,Accountant,Elizabeth Myers,47,142561,10,1,No,,10/19/2020,
E0377,IT,Data Analyst,Noah Campbell,26,59633,8,4,No,,10/23/2019,
E0378,Sales,Sales Rep,Jeffrey Webb Jr.,55,189445,6,2,No,,8/20/2016,
E0379,Finance,Financial Analyst,Brent Marshall,43,95111,7,5,No,,8/17/2021,
E0380,HR,HR Coordinator,Jeffrey Rodriguez,59,162309,1,5,No,,9/3/2021,
E0381,HR,Recruiter,Wyatt Allison,49,162990,3,1,No,,2/6/2023,
E0382,IT,System Admin,Zachary Sutton,41,134038,8,5,No,,5/1/2023,
E0383,Operations,Logistics Officer,Robin Fuller,55,35230,0,2,No,,8/26/2016,
E0384,Sales,Sales Rep,Steven Farmer,59,123891,3,2,No,,8/7/2018,
E0385,Sales,Account Manager,Marcus Rose,28,139309,1,4,No,,6/13/2017,
E0386,Finance,Accountant,Jordan Porter,41,113320,7,2,Yes,Relocation,11/27/2018,2/19/2019
E0387,HR,Recruiter,David Palmer,37,166725,2,3,No,,12/15/2019,
E0388,Finance,Financial Analyst,Terry Lopez,39,71095,2,1,Yes,Work-Life Balance,5/7/2018,4/28/2022
E0389,Sales,Account Manager,Jennifer Potter,32,32504,2,5,Yes,Career Growth,3/2/2021,2/17/2025
E0390,Operations,Quality Analyst,Michael Lester PhD,31,33236,0,5,Yes,Relocation,1/22/2021,12/12/2024
E0391,IT,Software Engineer,Michael Cooley,39,182989,6,2,No,,4/15/2018,
E0392,Marketing,Content Creator,David Snow,28,146105,0,3,Yes,Work-Life Balance,7/15/2020,3/14/2023
E0393,IT,Data Analyst,Michelle Sherman,37,112841,9,2,Yes,Job Fit,8/7/2016,9/17/2018
E0394,HR,HR Coordinator,Stephanie Shelton,32,155594,2,1,No,,11/3/2017,
E0395,Marketing,Content Creator,Brian Lewis,41,105740,0,4,No,,12/31/2018,
E0396,Operations,Operations Associate,Johnny Williams,34,101179,0,3,Yes,Better Pay,5/14/2019,9/17/2021
E0397,Sales,Sales Executive,Monica Leach,22,117783,8,1,No,,2/19/2021,
E0398,IT,System Admin,Erin Sanders,42,68722,4,5,No,,7/5/2019,
E0399,HR,HR Specialist,Kurt Howe,58,27480,4,5,No,,5/5/2018,
E0400,IT,System Admin,Eric Butler,39,43691,1,3,No,,6/4/2022,
E0401,Sales,Sales Executive,John Thompson,57,66386,3,5,No,,11/9/2016,
E0402,HR,HR Specialist,William Ellis,41,199972,3,3,No,,4/17/2022,
E0403,Sales,Sales Rep,Nichole Sawyer,41,112229,4,2,No,,5/1/2016,
E0404,Operations,Operations Associate,Tracie Weber,51,31337,1,2,Yes,Career Growth,7/30/2022,6/19/2025
E0405,Operations,Logistics Officer,William Hughes,60,189898,3,3,Yes,Relocation,2/17/2018,9/16/2019
E0406,Finance,Accountant,Steven Martin,24,110902,5,2,No,,9/22/2016,
E0407,Marketing,SEO Specialist,Thomas Ramirez,44,167216,8,5,Yes,Relocation,2/26/2018,11/6/2020
E0408,Finance,Financial Analyst,Christopher Fowler,47,167418,1,3,Yes,Manager Issues,6/28/2021,7/9/2023
E0409,IT,Software Engineer,Michael Wilson,39,107588,6,5,Yes,Manager Issues,4/2/2022,1/8/2023
E0410,Sales,Sales Rep,Gregory Bailey,22,119419,3,2,No,,1/28/2021,
E0411,IT,Software Engineer,Emily Odonnell,55,54075,6,4,No,,6/3/2016,
E0412,Finance,Financial Analyst,Amy Rogers,32,82489,1,1,Yes,Manager Issues,3/19/2021,6/7/2023
E0413,IT,System Admin,Shelly Levy,51,83205,3,1,No,,9/22/2019,
E0414,Operations,Operations Associate,Larry Sullivan,33,61339,2,3,No,,5/13/2021,
E0415,Operations,Logistics Officer,Geoffrey Watkins,31,126897,2,3,No,,1/9/2018,
E0416,Finance,Accountant,Tony Yang PhD,54,189764,9,3,No,,9/22/2019,
E0417,Marketing,SEO Specialist,Anita Kirby,30,66986,0,3,No,,2/1/2016,
E0418,HR,HR Coordinator,Leslie Sanchez,36,101126,3,2,No,,3/14/2016,
E0419,IT,Software Engineer,Richard Gilmore,49,75943,4,3,No,,10/2/2016,
E0420,HR,Recruiter,George Huerta,51,173188,9,2,No,,12/22/2018,
E0421,Marketing,Marketing Executive,Isabella Baker,40,34975,10,4,No,,10/9/2016,
E0422,IT,System Admin,Theresa Wilson,33,94335,9,3,No,,10/20/2021,
E0423,IT,System Admin,Amanda Lopez,36,90745,4,5,No,,3/22/2016,
E0424,Finance,Auditor,Philip Woods,44,138571,3,1,Yes,Relocation,1/6/2017,4/9/2020
E0425,Operations,Logistics Officer,Teresa Chambers,44,137998,6,2,No,,12/31/2017,
E0426,Finance,Auditor,Edwin Hudson,29,183070,8,2,No,,4/7/2020,
E0427,Operations,Logistics Officer,Matthew Kelly,26,176931,6,2,No,,11/7/2020,
E0428,Finance,Auditor,Katie Long,22,103235,7,1,No,,12/5/2019,
E0429,Sales,Account Manager,Teresa Smith,29,102878,8,4,No,,6/17/2022,
E0430,HR,HR Specialist,Jill Chase,23,133320,1,4,Yes,Career Growth,11/20/2021,9/20/2024
E0431,Finance,Financial Analyst,Curtis Tucker,32,26249,6,2,No,,9/9/2016,
E0432,Operations,Operations Associate,Ashley Adams,27,183992,5,2,No,,9/2/2018,
E0433,Operations,Logistics Officer,Mark West,44,194354,4,5,No,,1/1/2018,
E0434,IT,Data Analyst,Isaiah Newman,36,185949,9,1,No,,10/1/2020,
E0435,Marketing,Content Creator,Jasmine Chavez,56,147473,10,1,No,,7/12/2021,
E0436,IT,Software Engineer,Amy Henry,52,25227,3,1,Yes,Career Growth,7/24/2022,12/29/2023
E0437,HR,Recruiter,Joanna Craig,44,117566,5,3,Yes,Career Growth,11/1/2018,9/21/2024
E0438,Sales,Sales Rep,Steven Castro,48,132587,3,4,No,,3/22/2022,
E0439,Sales,Account Manager,Jose Hunt,52,30487,3,3,Yes,Relocation,4/9/2018,11/30/2023
E0440,Marketing,Marketing Executive,Brian Hayes,49,82866,0,1,No,,10/3/2018,
E0441,IT,Data Analyst,Javier Aguirre,28,96341,5,4,No,,8/2/2016,
E0442,HR,Recruiter,Lauren Hood,34,176754,2,4,No,,8/22/2020,
E0443,HR,Recruiter,Ryan Burgess,46,190324,2,4,No,,5/4/2023,
E0444,Operations,Quality Analyst,Mrs. Danielle Ortega,58,51256,7,1,No,,1/22/2020,
E0445,Marketing,Content Creator,Eric Marquez,48,30500,6,3,No,,4/27/2020,
E0446,Finance,Auditor,Renee Brown,23,32485,1,2,No,,9/1/2020,
E0447,Sales,Sales Rep,Beth Bailey,51,29592,5,5,No,,10/20/2015,
E0448,Finance,Accountant,Renee Jenkins,34,150973,10,3,No,,5/29/2017,
E0449,Marketing,Marketing Executive,Anthony Williams,37,28294,7,4,Yes,Work-Life Balance,7/4/2022,2/1/2023
E0450,Finance,Auditor,Julie Spears,47,72284,7,3,Yes,Work-Life Balance,8/4/2017,4/6/2021
E0451,Finance,Auditor,Kevin Taylor,46,117140,7,4,No,,9/7/2021,
E0452,Sales,Account Manager,William Lynch,26,147358,4,5,Yes,Work-Life Balance,8/12/2019,2/8/2024
E0453,Finance,Accountant,Veronica Garza,25,155423,9,1,No,,7/25/2019,
E0454,Operations,Quality Analyst,Anthony Nguyen,60,128518,4,2,No,,5/31/2016,
E0455,Finance,Accountant,Timothy Henderson,33,183921,5,5,No,,1/3/2023,
E0456,Marketing,Marketing Executive,John Anderson,35,125604,10,5,No,,3/27/2019,
E0457,HR,Recruiter,Christopher Jackson,59,33195,9,3,Yes,Work-Life Balance,8/18/2020,11/21/2022
E0458,Marketing,Content Creator,Erin Thompson,53,177092,9,4,No,,8/29/2017,
E0459,HR,HR Coordinator,Lauren Molina,25,70660,2,3,Yes,Better Pay,10/23/2021,11/10/2023
E0460,Marketing,Content Creator,Michelle Hodges,25,118790,2,1,No,,9/8/2022,
E0461,Sales,Sales Rep,Mark Robinson,37,150434,1,3,Yes,Job Fit,4/5/2023,12/12/2023
E0462,Marketing,SEO Specialist,Elizabeth Daniels,33,52371,8,4,No,,5/18/2018,
E0463,Marketing,SEO Specialist,Darrell Tate,42,198204,8,3,No,,9/17/2018,
E0464,IT,Software Engineer,Alexandria Ray,26,122698,1,1,Yes,Work-Life Balance,11/2/2016,10/25/2024
E0465,HR,Recruiter,John Carey,26,32494,0,3,Yes,Manager Issues,4/27/2017,4/29/2025
E0466,Operations,Quality Analyst,Elizabeth Le,22,35376,1,1,No,,6/2/2022,
E0467,Operations,Operations Associate,Casey Ferguson,53,198760,8,2,No,,3/8/2023,
E0468,HR,HR Coordinator,Michelle Miles,54,124555,0,3,No,,1/30/2018,
E0469,IT,Data Analyst,John Hernandez,31,143649,10,3,No,,2/27/2017,
E0470,Operations,Quality Analyst,Isabella Sandoval,33,125620,7,1,No,,2/7/2016,
E0471,Finance,Financial Analyst,Joshua Jones,27,85895,10,5,Yes,Better Pay,5/9/2017,12/18/2021
E0472,Operations,Operations Associate,Corey Jackson,35,68157,3,4,No,,5/12/2019,
E0473,Operations,Operations Associate,Natalie Lynch,49,191720,6,1,No,,2/17/2017,
E0474,Marketing,SEO Specialist,Martha Davis,28,179705,1,4,No,,11/6/2022,
E0475,HR,Recruiter,Brian Benton,29,70852,1,3,No,,2/27/2018,
E0476,Sales,Sales Executive,Rachel Hinton,56,66263,1,4,No,,2/18/2020,
E0477,Sales,Sales Rep,Herbert Moreno,22,125504,10,5,Yes,Manager Issues,8/6/2017,1/13/2022
E0478,Finance,Accountant,Megan Cole,22,163123,6,1,No,,5/9/2016,
E0479,Sales,Sales Rep,Dawn Howard,25,180415,0,4,No,,10/21/2019,
E0480,Marketing,SEO Specialist,Angela Mcdonald,35,76484,2,2,Yes,Manager Issues,12/15/2015,11/9/2019
E0481,Sales,Account Manager,Stuart Young,47,172091,7,1,No,,10/8/2015,
E0482,IT,System Admin,Robin Neal,28,178228,3,2,Yes,Relocation,5/26/2021,6/10/2023
E0483,Marketing,Content Creator,Donna Torres,50,144917,1,3,No,,10/5/2017,
E0484,IT,System Admin,Bonnie Frost,55,91752,1,4,Yes,Better Pay,5/10/2023,10/11/2024
E0485,Marketing,Marketing Executive,Walter Lowe,47,116259,7,2,Yes,Career Growth,7/24/2021,7/28/2023
E0486,HR,Recruiter,Mr. Joseph Collins MD,32,186106,8,3,Yes,Relocation,10/4/2018,9/14/2023
E0487,Operations,Quality Analyst,Matthew Jenkins,57,89681,2,4,No,,5/20/2021,
E0488,IT,Software Engineer,Tom Bradley,27,150380,1,4,No,,1/19/2019,
E0489,IT,Software Engineer,Edward Vance,52,98459,10,4,Yes,Career Growth,8/15/2022,7/24/2025
E0490,HR,Recruiter,Shawn Williams,57,102605,4,2,No,,12/30/2020,
E0491,IT,Data Analyst,Kimberly Christian,24,73812,6,4,No,,3/17/2021,
E0492,Operations,Logistics Officer,Brent Ryan,30,51022,1,1,No,,1/2/2022,
E0493,Operations,Operations Associate,Mrs. Jennifer Finley,22,53684,3,5,No,,2/9/2020,
E0494,HR,HR Specialist,Brianna Lewis,42,114389,10,2,No,,11/20/2018,
E0495,Marketing,Marketing Executive,Donna Andersen,43,26480,8,2,Yes,Work-Life Balance,12/3/2021,12/16/2021
E0496,Finance,Accountant,Michelle Hatfield,32,149119,9,5,Yes,Career Growth,5/8/2020,10/29/2020
E0497,Sales,Sales Executive,Shannon Walters,57,105970,7,1,Yes,Job Fit,8/20/2022,1/4/2025
E0498,Marketing,SEO Specialist,Amanda Myers,32,73578,9,4,Yes,Better Pay,1/27/2021,4/30/2022
E0499,Sales,Account Manager,Robert Harris,49,180096,3,5,No,,12/1/2018,
E0500,HR,HR Specialist,Jessica Jones,42,86155,7,4,No,,8/30/2021,
E0501,Finance,Financial Analyst,Shawn Quinn,30,37613,2,4,Yes,Career Growth,7/26/2019,10/31/2023
E0502,Finance,Financial Analyst,Bruce Navarro,47,67377,8,2,Yes,Manager Issues,1/21/2018,7/28/2025
E0503,Marketing,Content Creator,Yolanda Harris,26,70774,2,1,Yes,Work-Life Balance,6/30/2016,7/7/2018
E0504,Marketing,Marketing Executive,Jamie Webster,41,190614,8,2,No,,5/7/2023,
E0505,Operations,Logistics Officer,Erica Hernandez,27,105726,7,3,Yes,Job Fit,9/3/2017,5/22/2022
E0506,IT,Data Analyst,Dr. Rebecca Williams,57,116126,8,2,No,,6/24/2019,
E0507,IT,Software Engineer,Daniel Stephens,33,162610,0,1,No,,12/1/2017,
E0508,IT,Software Engineer,Michael Silva,59,54679,2,2,Yes,Relocation,5/21/2019,8/14/2023
E0509,HR,Recruiter,Barbara Williams,51,45967,2,4,Yes,Career Growth,10/24/2015,10/27/2023
E0510,Finance,Accountant,Jacob Wallace,46,187321,8,1,Yes,Relocation,8/10/2017,8/17/2023
E0511,Marketing,Content Creator,Shelly Adams,49,197790,8,4,No,,6/19/2023,
E0512,Finance,Auditor,Mr. Christopher Crawford,48,116993,0,2,Yes,Job Fit,10/7/2019,8/12/2025
E0513,HR,HR Coordinator,Joshua King,37,135609,1,1,Yes,Work-Life Balance,8/29/2018,11/7/2018
E0514,IT,Software Engineer,Wanda Mccoy,28,175561,2,5,No,,2/16/2020,
E0515,HR,HR Coordinator,Richard Morgan,32,90021,10,2,No,,11/8/2021,
E0516,Finance,Accountant,Brittany Marks,49,112730,4,5,No,,7/22/2020,
E0517,IT,Data Analyst,Maria Middleton,45,105299,10,5,No,,9/28/2015,
E0518,Finance,Accountant,Michele Martinez,29,29009,2,2,No,,5/10/2021,
E0519,HR,HR Coordinator,Meagan Werner,53,87724,8,1,No,,3/11/2023,
E0520,Operations,Logistics Officer,Jon Gomez,40,39018,4,4,No,,8/6/2019,
E0521,Operations,Operations Associate,Cynthia Lynch,36,70680,2,2,No,,1/6/2017,
E0522,Marketing,SEO Specialist,Alexis Nguyen,38,114449,2,3,No,,4/5/2020,
E0523,IT,Data Analyst,Peter Carter,41,96052,9,5,No,,8/3/2023,
E0524,Finance,Accountant,Alexander Rocha,56,76804,8,4,No,,3/27/2022,
E0525,IT,Data Analyst,Jennifer Obrien,47,42384,5,1,Yes,Manager Issues,1/20/2021,11/30/2023
E0526,Finance,Financial Analyst,Wesley Moran,37,175659,4,3,Yes,Manager Issues,3/4/2020,8/13/2024
E0527,Sales,Sales Rep,Martha Williams,34,67686,7,1,No,,5/4/2022,
E0528,Finance,Accountant,Erica Patton,30,78768,7,2,No,,10/9/2021,
E0529,Sales,Account Manager,Denise Conner,33,25980,1,5,No,,4/27/2017,
E0530,Operations,Operations Associate,Paul Mcdaniel,25,74889,4,4,No,,3/7/2016,
E0531,Finance,Accountant,Jennifer Nolan,34,190166,10,4,Yes,Work-Life Balance,9/12/2016,8/3/2024
E0532,HR,HR Specialist,Eric Smith,23,26147,7,5,Yes,Manager Issues,2/21/2020,9/23/2021
E0533,Marketing,Content Creator,Sean Taylor,41,41000,10,4,No,,12/26/2019,
E0534,IT,System Admin,Crystal Rodriguez,38,138383,10,3,No,,11/15/2018,
E0535,HR,Recruiter,Mike Soto,49,141839,10,5,No,,4/13/2022,
E0536,IT,System Admin,Nancy Oliver,42,84298,5,3,No,,8/27/2021,
E0537,HR,HR Coordinator,Beverly Robinson,49,146598,1,3,No,,5/20/2016,
E0538,Operations,Quality Analyst,Kelly Sandoval,24,32218,8,3,Yes,Better Pay,11/13/2016,3/2/2022
E0539,HR,Recruiter,Adrian Norris PhD,48,174853,4,1,No,,5/18/2016,
E0540,IT,System Admin,Justin Andrade,22,191804,4,4,No,,8/8/2020,
E0541,Sales,Sales Rep,Troy Guzman,46,138231,6,5,Yes,Better Pay,11/10/2021,1/3/2022
E0542,IT,System Admin,Sergio Garcia,44,75089,5,1,No,,2/1/2017,
E0543,IT,Software Engineer,Robyn Jones,36,49114,7,5,No,,8/13/2016,
E0544,Finance,Auditor,Dennis Coleman,49,60427,8,5,No,,10/13/2019,
E0545,IT,System Admin,Becky Perry,34,81636,8,1,No,,2/2/2018,
E0546,IT,Data Analyst,Sherry Allen,47,134308,7,5,No,,7/31/2018,
E0547,Finance,Auditor,Ms. Anna Thomas,55,48911,6,1,No,,4/11/2022,
E0548,Sales,Account Manager,Nicole Conner,48,161563,4,2,Yes,Career Growth,6/21/2021,11/19/2022
E0549,Operations,Operations Associate,Dale Boyd,58,78905,7,4,Yes,Career Growth,7/22/2020,7/1/2021
E0550,Marketing,Content Creator,Dustin Blevins,56,75810,8,5,No,,10/24/2022,
E0551,Finance,Auditor,William Conway,43,89091,10,3,Yes,Better Pay,7/25/2023,3/26/2025
E0552,Operations,Logistics Officer,Randall Heath,56,122476,0,3,Yes,Job Fit,7/12/2019,1/3/2025
E0553,HR,HR Coordinator,Deanna Green,59,197165,4,3,No,,1/25/2016,
E0554,Sales,Sales Executive,Jonathan Cunningham,59,163780,10,5,No,,11/11/2022,
E0555,Operations,Operations Associate,Jessica Stafford,43,149628,1,5,No,,7/10/2017,
E0556,Marketing,Marketing Executive,Brian Stone,39,94388,1,5,Yes,Manager Issues,8/1/2023,6/2/2025
E0557,Marketing,Marketing Executive,Amy Griffin,22,65128,3,2,No,,8/31/2021,
E0558,Finance,Accountant,Dawn Lawson,35,65558,9,2,Yes,Work-Life Balance,7/1/2019,8/9/2020
E0559,Finance,Accountant,Albert Myers,25,168584,9,4,Yes,Better Pay,12/23/2017,9/28/2021
E0560,Sales,Sales Rep,Joshua Russell,54,57519,2,2,No,,12/17/2021,
E0561,Sales,Sales Executive,Jennifer Alvarez,28,61236,10,3,No,,4/3/2016,
E0562,Sales,Sales Rep,Courtney Cox,32,160551,0,5,Yes,Job Fit,7/1/2020,2/3/2025
E0563,Operations,Logistics Officer,Alicia Harris,27,46882,10,5,No,,10/1/2021,
E0564,HR,Recruiter,Michael Moran,47,138024,10,2,No,,5/19/2019,
E0565,HR,Recruiter,Terry Lopez,28,44209,9,2,No,,10/23/2022,
E0566,Finance,Accountant,Tracy English,29,53317,3,3,No,,9/19/2018,
E0567,Marketing,Marketing Executive,Lisa Mclean,60,83146,3,1,No,,3/25/2018,
E0568,Marketing,Marketing Executive,Rachel Griffith,29,177385,1,2,No,,4/1/2021,
E0569,Finance,Financial Analyst,Katherine Holmes,32,192009,1,4,No,,10/12/2017,
E0570,HR,Recruiter,Judy Moore,22,27053,4,5,Yes,Manager Issues,3/14/2017,6/29/2021
E0571,Operations,Quality Analyst,Kristy Freeman,57,169987,2,2,No,,12/29/2017,
E0572,HR,HR Coordinator,Sean Murray,27,130242,8,1,No,,1/25/2016,
E0573,HR,HR Specialist,Jessica Johnson MD,24,151984,6,3,Yes,Better Pay,2/7/2021,7/30/2025
E0574,Sales,Sales Executive,Leslie Ware,56,144827,5,3,No,,8/31/2021,
E0575,Finance,Accountant,Gordon Franco,24,173546,4,1,No,,1/14/2023,
E0576,Finance,Auditor,Courtney Cook,29,186085,4,2,No,,10/29/2015,
E0577,Marketing,Content Creator,Jackson Perry,38,97292,0,5,Yes,Manager Issues,12/25/2017,7/30/2018
E0578,IT,System Admin,Julia Graves,52,125605,8,1,No,,6/20/2022,
E0579,Operations,Logistics Officer,Wendy Patel,39,38515,3,2,No,,9/23/2018,
E0580,Sales,Sales Executive,Sharon Armstrong,48,199542,10,4,No,,2/19/2016,
E0581,Sales,Sales Executive,Christopher Herrera,59,159620,0,2,No,,4/18/2022,
E0582,Sales,Sales Executive,Michael Booker,22,44665,5,5,No,,9/21/2019,
E0583,HR,HR Specialist,Tiffany Willis,28,142332,7,1,No,,1/27/2022,
E0584,Operations,Operations Associate,Raymond Castillo,43,117896,7,3,No,,1/29/2017,
E0585,Marketing,SEO Specialist,Brandon Patel,35,62818,6,2,Yes,Relocation,1/7/2023,11/24/2023
E0586,Finance,Financial Analyst,Scott Garza,43,194363,5,2,No,,2/13/2017,
E0587,IT,Software Engineer,Sarah Meadows,48,140606,2,5,Yes,Manager Issues,12/9/2015,11/14/2018
E0588,Marketing,Content Creator,Randall Lloyd,48,172443,6,2,Yes,Job Fit,11/16/2019,1/28/2023
E0589,Finance,Accountant,Barbara Greene,53,99022,8,3,No,,5/10/2019,
E0590,Finance,Financial Analyst,Raymond Carroll,60,101137,2,3,No,,4/11/2021,
E0591,Marketing,Content Creator,Timothy Garza,51,166960,9,1,Yes,Better Pay,9/13/2018,9/6/2024
E0592,Finance,Financial Analyst,Willie Murphy,51,63385,2,2,No,,5/13/2021,
E0593,Operations,Quality Analyst,Thomas Long,60,187993,10,3,Yes,Relocation,12/5/2017,3/8/2024
E0594,Sales,Sales Executive,Jennifer Ortiz,35,64758,6,5,No,,5/18/2021,
E0595,Marketing,Marketing Executive,Michael George,24,70561,10,1,No,,11/18/2016,
E0596,Operations,Quality Analyst,Travis Tran,51,122885,0,4,No,,2/26/2017,
E0597,Finance,Accountant,Heather Jordan,53,136421,8,4,No,,11/17/2016,
E0598,Finance,Auditor,Preston Francis,52,115871,8,2,Yes,Career Growth,2/22/2020,5/14/2025
E0599,IT,System Admin,Sandra Watts,46,151795,5,2,No,,1/16/2023,
E0600,Finance,Financial Analyst,Nathan Yu,35,75908,10,3,No,,10/31/2020,
E0601,HR,HR Specialist,Ashley Ford,52,73426,2,2,No,,1/6/2018,
E0602,Sales,Account Manager,Joanne Henderson,22,189687,6,5,No,,1/28/2019,
E0603,Operations,Logistics Officer,Melissa Torres,34,69485,2,4,Yes,Career Growth,3/3/2020,4/11/2025
E0604,IT,Software Engineer,Tyler Curry,58,60350,0,5,No,,11/23/2020,
E0605,Marketing,Content Creator,Ruben Campbell,22,168431,2,2,No,,11/14/2019,
E0606,Marketing,Marketing Executive,Kelly Davidson,37,39374,1,2,No,,10/28/2020,
E0607,HR,HR Specialist,Kelli White,37,198885,2,3,No,,2/1/2020,
E0608,Operations,Logistics Officer,Kathleen Benson,25,27185,10,1,No,,10/7/2022,
E0609,Operations,Logistics Officer,Erin Cervantes,43,46348,9,4,No,,7/27/2017,
E0610,IT,Data Analyst,Christina Foster,56,162368,4,4,Yes,Job Fit,11/8/2018,11/18/2021
E0611,Sales,Sales Rep,Jennifer Thompson,58,123541,7,4,Yes,Job Fit,9/16/2019,12/24/2022
E0612,Sales,Account Manager,Mrs. Erin Bowman,56,105814,1,2,No,,4/20/2019,
E0613,IT,System Admin,Karen Vazquez,28,127249,8,1,No,,12/2/2017,
E0614,Finance,Accountant,Jennifer Preston,38,158179,2,3,No,,5/30/2023,
E0615,Operations,Operations Associate,Catherine Jenkins,30,34115,10,4,No,,4/23/2022,
E0616,Marketing,SEO Specialist,Craig Meyers,38,167571,0,4,No,,10/16/2015,
E0617,Marketing,SEO Specialist,Tamara Hamilton,27,146422,0,4,No,,5/12/2018,
E0618,IT,System Admin,Teresa Tucker,27,140979,9,3,No,,4/25/2016,
E0619,IT,System Admin,Veronica Stone,27,157606,10,4,No,,1/28/2021,
E0620,HR,HR Specialist,Tyler Long,56,102764,4,3,No,,8/21/2023,
E0621,HR,Recruiter,Shelly Chavez,56,25214,0,5,Yes,Work-Life Balance,5/11/2017,7/27/2025
E0622,IT,Data Analyst,Adriana Cabrera,53,55917,5,2,No,,9/20/2016,
E0623,Sales,Sales Rep,Nicole Ball,23,108368,0,3,No,,3/30/2018,
E0624,Sales,Account Manager,Laura Davis,26,179152,3,4,No,,1/9/2020,
E0625,HR,HR Coordinator,Amanda Schmidt,46,108924,1,4,No,,11/24/2015,
E0626,IT,Data Analyst,William Reid,58,68355,1,3,No,,5/30/2021,
E0627,IT,Data Analyst,Melanie Martin,33,137006,2,3,No,,9/8/2015,
E0628,Finance,Auditor,Victoria Henry DVM,32,25495,4,5,No,,10/9/2017,
E0629,HR,HR Coordinator,Maria Stevens,30,181392,6,5,Yes,Better Pay,11/26/2019,8/6/2020
E0630,Marketing,Content Creator,Stephanie Williams,36,148221,8,2,No,,9/3/2015,
E0631,IT,Data Analyst,Sara Garcia,23,117437,9,5,No,,6/3/2018,
E0632,Marketing,SEO Specialist,Jeffrey Espinoza,48,56515,9,4,No,,12/29/2021,
E0633,Sales,Account Manager,Nathaniel Montes,24,165517,3,5,Yes,Work-Life Balance,7/22/2016,6/9/2023
E0634,HR,HR Coordinator,Tommy Norton,60,156053,10,2,No,,11/22/2016,
E0635,IT,Software Engineer,Amber Clark,54,180383,5,2,No,,9/12/2017,
E0636,Finance,Financial Analyst,Emily Thomas DDS,31,121917,5,4,No,,10/8/2021,
E0637,Sales,Account Manager,Wesley Doyle,46,193750,7,2,No,,2/2/2021,
E0638,IT,Data Analyst,Collin Roberts,24,32731,8,1,No,,7/6/2018,
E0639,Sales,Sales Executive,Katelyn Koch,33,95700,0,2,No,,7/13/2021,
E0640,Sales,Sales Rep,Diana Alexander,37,195011,6,2,No,,12/25/2019,
E0641,Marketing,Content Creator,Robert Dixon,27,166018,6,3,No,,4/12/2016,
E0642,IT,Software Engineer,Mr. Jonathan Shepherd Jr.,29,78131,2,1,No,,8/10/2022,
E0643,Operations,Quality Analyst,Justin Hall,25,181113,1,5,No,,6/6/2017,
E0644,HR,HR Coordinator,Joel Robinson,54,107653,9,1,No,,9/15/2018,
E0645,Operations,Logistics Officer,Taylor Ford,23,166383,0,3,Yes,Work-Life Balance,4/12/2023,7/22/2025
E0646,Marketing,Content Creator,Randall Baker,30,114551,1,4,No,,5/18/2019,
E0647,Marketing,Marketing Executive,Tyler Barker,54,93089,2,4,Yes,Work-Life Balance,2/27/2023,4/29/2025
E0648,IT,Software Engineer,Patrick Ashley,26,142610,4,1,Yes,Job Fit,4/8/2022,9/5/2022
E0649,Operations,Logistics Officer,Andrew Rodriguez,55,158432,6,2,Yes,Career Growth,1/6/2020,9/28/2020
E0650,Operations,Quality Analyst,Maria Bradford,60,149647,7,4,No,,5/23/2021,
E0651,HR,HR Coordinator,Emily Cook,37,175550,8,1,No,,4/11/2021,
E0652,Marketing,SEO Specialist,Jessica Huber,57,185472,7,3,No,,6/12/2018,
E0653,IT,Data Analyst,Keith Thornton,34,128632,5,3,No,,10/7/2022,
E0654,Operations,Operations Associate,Holly Nelson,25,112140,7,4,No,,9/26/2021,
E0655,Marketing,SEO Specialist,Jimmy Kim,26,141446,2,3,No,,11/25/2019,
E0656,Sales,Account Manager,Jessica Price,47,122275,10,4,Yes,Career Growth,3/12/2018,5/25/2019
E0657,Sales,Sales Executive,Mark Castillo,57,101807,9,2,No,,4/13/2016,
E0658,HR,HR Coordinator,Terry Smith,50,170788,5,1,Yes,Work-Life Balance,9/11/2018,8/29/2024
E0659,Finance,Financial Analyst,Kevin Ruiz,60,191681,5,3,Yes,Job Fit,6/30/2019,9/1/2020
E0660,Sales,Account Manager,Rebecca Torres,53,168174,3,4,Yes,Relocation,3/26/2023,10/11/2023
E0661,Operations,Quality Analyst,William Suarez,38,109468,1,5,No,,11/28/2022,
E0662,IT,Software Engineer,Russell Butler,45,165604,10,5,No,,8/5/2020,
E0663,Marketing,Content Creator,Cheryl Cameron,23,58187,4,3,Yes,Better Pay,5/12/2019,8/2/2025
E0664,HR,Recruiter,Stephanie Lewis,58,153374,6,2,No,,2/19/2017,
E0665,Finance,Financial Analyst,Amy Ford,38,132349,9,3,Yes,Manager Issues,9/24/2017,12/25/2022
E0666,Marketing,Content Creator,James Doyle DVM,29,143652,8,4,No,,12/10/2018,
E0667,Finance,Financial Analyst,Steven Hawkins,50,167132,6,4,No,,9/14/2022,
E0668,IT,Data Analyst,Amanda Davis MD,39,131469,7,3,Yes,Relocation,1/7/2017,4/23/2019
E0669,HR,Recruiter,Michelle Jones,48,67322,0,2,No,,8/24/2020,
E0670,Sales,Sales Rep,Brandi Smith,47,186687,5,4,Yes,Better Pay,11/25/2020,10/21/2024
E0671,IT,Data Analyst,Sarah Moss,52,175085,4,3,No,,3/25/2019,
E0672,Sales,Sales Rep,Travis Wright,47,188920,9,3,No,,4/9/2017,
E0673,Marketing,Content Creator,Corey Lewis,26,101002,1,5,Yes,Work-Life Balance,12/2/2017,4/18/2018
E0674,Finance,Financial Analyst,Daniel Butler,40,72421,9,2,Yes,Work-Life Balance,6/13/2019,10/26/2022
E0675,Marketing,SEO Specialist,Sean Ryan,39,41805,6,2,No,,12/21/2021,
E0676,Finance,Accountant,Bobby Williams,45,76493,7,2,Yes,Manager Issues,9/11/2022,1/18/2025
E0677,Operations,Operations Associate,Dustin Stephens,38,105838,4,2,No,,8/30/2022,
E0678,HR,HR Coordinator,Barbara Banks,44,95363,3,1,No,,11/13/2021,
E0679,Finance,Financial Analyst,John Baker,44,61090,3,4,No,,10/18/2020,
E0680,Sales,Sales Rep,Karen Cole,55,189442,3,1,Yes,Relocation,7/15/2021,2/23/2023
E0681,Marketing,Content Creator,Michael Frederick,41,123136,2,3,No,,1/11/2019,
E0682,Finance,Auditor,Deborah Gomez,44,169212,7,5,No,,6/18/2019,
E0683,Sales,Account Manager,Robin Ford,32,188623,3,3,No,,6/9/2020,
E0684,Operations,Quality Analyst,Melanie Pierce,38,182401,7,3,No,,11/10/2020,
E0685,Operations,Quality Analyst,Kevin Barker,48,147182,2,1,No,,6/5/2016,
E0686,Finance,Auditor,Susan Rivers,41,55306,8,1,No,,10/4/2021,
E0687,Operations,Operations Associate,Casey Conway,41,99996,0,5,Yes,Job Fit,9/1/2016,12/4/2017
E0688,IT,System Admin,Jessica Lee,34,154234,8,4,No,,12/3/2015,
E0689,Sales,Sales Executive,Kimberly Grimes,25,108137,6,1,No,,12/13/2019,
E0690,Operations,Operations Associate,Alexandra Owens,59,187817,8,3,No,,12/22/2020,
E0691,Sales,Sales Rep,Dennis Brady,52,65644,3,2,No,,4/11/2023,
E0692,Operations,Logistics Officer,Carol Martinez,54,158619,4,1,No,,3/11/2023,
E0693,Sales,Sales Rep,Brian Fitzgerald,49,74171,9,2,No,,5/14/2022,
E0694,HR,Recruiter,Elizabeth Zavala,54,59965,9,1,Yes,Manager Issues,3/16/2022,4/29/2023
E0695,HR,HR Coordinator,Anthony Scott,24,186550,4,4,No,,11/5/2017,
E0696,Marketing,Content Creator,Chad Diaz,34,171141,9,1,Yes,Relocation,3/7/2019,5/16/2022
E0697,Sales,Sales Executive,Alan Thompson,52,160662,9,2,No,,3/21/2017,
E0698,Sales,Account Manager,Heather Chase,44,160546,9,3,No,,11/14/2015,
E0699,Finance,Auditor,Joseph Fisher,33,43575,5,3,No,,1/13/2023,
E0700,Operations,Logistics Officer,Christine Lee,36,62807,7,5,No,,1/21/2017,
E0701,Marketing,Content Creator,Alexander Wells,27,120163,0,3,No,,6/2/2017,
E0702,HR,HR Specialist,Shirley Black,54,134702,5,4,No,,4/11/2023,
E0703,Marketing,Content Creator,Melissa Compton,45,162479,8,2,No,,1/20/2020,
E0704,Operations,Operations Associate,John Meyer,37,134338,2,4,No,,10/17/2022,
E0705,Operations,Operations Associate,Joshua Harris,44,79205,4,3,No,,3/11/2019,
E0706,Sales,Sales Rep,Michele Pratt,34,133626,10,4,No,,1/23/2017,
E0707,IT,Data Analyst,Danielle Singleton,57,176706,4,5,No,,5/22/2020,
E0708,Finance,Auditor,Ann Moore,25,140080,4,2,Yes,Job Fit,11/23/2022,9/11/2023
E0709,Operations,Operations Associate,Michael Hardy,29,179747,4,1,No,,6/21/2018,
E0710,Finance,Accountant,Samantha Campbell,46,88145,6,5,No,,4/17/2021,
E0711,Marketing,Marketing Executive,Julian Charles,39,142801,1,4,Yes,Work-Life Balance,8/27/2021,6/1/2024
E0712,Marketing,Marketing Executive,Andrea Potter,59,167775,0,5,No,,11/3/2022,
E0713,Operations,Operations Associate,David Hernandez,22,52960,7,4,Yes,Career Growth,5/15/2019,4/1/2021
E0714,Operations,Logistics Officer,Cynthia Mcclure,52,196829,2,4,Yes,Career Growth,3/19/2020,2/26/2021
E0715,Operations,Logistics Officer,Richard Forbes,43,40931,0,5,No,,1/27/2019,
E0716,HR,HR Coordinator,Allison Bell,47,41800,1,1,No,,8/7/2016,
E0717,Sales,Account Manager,Bryan Kim,23,30888,5,5,No,,4/4/2020,
E0718,Operations,Logistics Officer,Jeremy Strong,32,163566,7,4,Yes,Work-Life Balance,2/26/2020,2/28/2023
E0719,Finance,Auditor,Marcus Lopez,25,199624,10,5,No,,12/19/2020,
E0720,Marketing,Content Creator,Kathy Carroll,47,180035,2,5,Yes,Job Fit,2/19/2022,5/23/2023
E0721,Operations,Logistics Officer,Jon Adams,33,172774,5,4,No,,10/12/2016,
E0722,HR,HR Specialist,Jennifer Howard,29,149462,4,4,Yes,Work-Life Balance,7/29/2017,2/24/2025
E0723,HR,Recruiter,Danielle Robertson,57,162922,6,2,No,,1/7/2021,
E0724,IT,Data Analyst,Tara Nelson,56,124076,3,3,No,,9/2/2021,
E0725,IT,Data Analyst,Scott Jones,44,35734,5,5,No,,1/13/2019,
E0726,Operations,Quality Analyst,Amanda Bishop,30,145048,6,3,No,,10/19/2020,
E0727,Marketing,Content Creator,Jasmin Rojas,47,173798,2,4,No,,1/5/2023,
E0728,HR,HR Specialist,Michael Clarke,29,62813,2,1,Yes,Better Pay,1/28/2019,9/27/2020
E0729,Finance,Auditor,Katherine Nixon,40,68930,8,4,No,,11/17/2020,
E0730,Finance,Accountant,Patricia Mcdaniel,44,151257,2,2,No,,7/13/2017,
E0731,Finance,Accountant,Cassidy Barr,32,199336,9,4,No,,10/16/2022,
E0732,Finance,Accountant,Brian Gomez,57,147644,6,4,Yes,Better Pay,7/10/2019,9/19/2021
E0733,Sales,Account Manager,Courtney Anderson,56,112773,1,2,Yes,Job Fit,5/19/2019,6/24/2022
E0734,IT,System Admin,Michael Carney,48,177070,7,2,No,,1/6/2020,
E0735,Marketing,SEO Specialist,Gabriel Hayden,33,172515,7,3,Yes,Relocation,7/13/2018,12/27/2021
E0736,Sales,Account Manager,Joshua Yates,27,143012,9,3,Yes,Work-Life Balance,10/16/2016,10/20/2020
E0737,Operations,Logistics Officer,Krystal Williams,22,144640,4,2,No,,9/26/2016,
E0738,HR,Recruiter,Javier Campbell,36,121459,0,1,No,,5/13/2016,
E0739,Marketing,SEO Specialist,Monica Sanford,56,184161,4,3,Yes,Relocation,11/21/2021,6/7/2024
E0740,Marketing,Content Creator,Laura Franklin,45,63433,6,5,No,,6/16/2020,
E0741,IT,Data Analyst,Lance King,25,196644,7,3,No,,5/4/2019,
E0742,IT,System Admin,Mark Fowler,36,177957,3,3,No,,2/10/2020,
E0743,Sales,Account Manager,Amanda Garza,22,195669,0,1,Yes,Career Growth,2/13/2016,12/25/2022
E0744,Marketing,SEO Specialist,Brenda Garcia,36,69868,9,3,Yes,Career Growth,3/11/2022,3/29/2023
E0745,HR,Recruiter,Jonathan Moore,60,162122,5,3,No,,11/25/2021,
E0746,Operations,Quality Analyst,Christopher George,48,89888,9,3,Yes,Work-Life Balance,3/3/2019,3/3/2020
E0747,Operations,Logistics Officer,James Burnett,43,155454,9,3,No,,8/26/2022,
E0748,Operations,Logistics Officer,Joseph Watts,23,127894,2,5,Yes,Career Growth,5/1/2022,6/28/2023
E0749,Finance,Financial Analyst,Susan Cooper,37,68561,2,1,No,,3/11/2021,
E0750,Marketing,SEO Specialist,Tyrone Montes,30,155876,3,1,Yes,Career Growth,4/4/2016,5/4/2024
E0751,Operations,Quality Analyst,Matthew Park,47,133496,7,3,Yes,Career Growth,8/3/2017,10/27/2018
E0752,Finance,Financial Analyst,Gregory Thomas,45,125191,4,1,No,,4/30/2017,
E0753,Finance,Accountant,Kimberly Rosales,32,159082,5,4,No,,3/5/2016,
E0754,Sales,Account Manager,Karen Barker,22,96843,7,2,No,,3/24/2016,
E0755,Finance,Accountant,Scott Bradshaw,33,31351,3,1,No,,12/16/2022,
E0756,IT,System Admin,John Johnson,51,34790,4,4,No,,8/8/2018,
E0757,IT,Data Analyst,Brenda Miller,56,64166,3,5,No,,7/27/2018,
E0758,IT,Data Analyst,Tina Garcia,32,74554,8,2,No,,1/10/2016,
E0759,Marketing,SEO Specialist,Paige Young,22,93975,4,1,Yes,Job Fit,6/28/2021,11/12/2023
E0760,Operations,Logistics Officer,John Hays,24,123431,2,3,Yes,Career Growth,11/10/2020,9/6/2023
E0761,IT,System Admin,Melissa Ochoa,56,73300,8,2,Yes,Manager Issues,3/9/2020,8/23/2024
E0762,HR,Recruiter,Michael Ortiz,53,31869,6,3,Yes,Manager Issues,2/7/2018,10/16/2024
E0763,IT,Software Engineer,Lisa Mays,32,138529,2,5,No,,11/26/2015,
E0764,Sales,Account Manager,Christopher King,57,132344,5,5,No,,11/7/2018,
E0765,IT,Data Analyst,Jonathan Boyd,40,140699,5,2,No,,6/16/2020,
E0766,IT,Software Engineer,Tracy Parker,47,155164,10,3,No,,11/20/2019,
E0767,Marketing,Content Creator,Debra Rice,28,147651,6,3,No,,8/20/2017,
E0768,Operations,Operations Associate,Timothy Taylor,31,151314,7,2,Yes,Work-Life Balance,10/27/2018,10/6/2024
E0769,Marketing,Marketing Executive,Joshua Fitzpatrick,28,101585,3,4,No,,4/4/2017,
E0770,IT,Software Engineer,David Cobb,30,71652,7,5,No,,11/14/2016,
E0771,IT,System Admin,Kara Martinez,57,76652,9,3,No,,3/19/2017,
E0772,Finance,Auditor,Laura Figueroa,41,98120,2,5,Yes,Manager Issues,4/28/2022,2/10/2023
E0773,Marketing,SEO Specialist,Anthony Ford,25,121342,7,2,No,,4/7/2020,
E0774,HR,HR Specialist,Kelsey Hart,41,155919,3,5,No,,2/4/2017,
E0775,Operations,Quality Analyst,Kayla Graham,48,132421,0,5,No,,9/8/2015,
E0776,Finance,Accountant,Rebecca Hoffman,29,32003,4,4,No,,2/1/2020,
E0777,Marketing,Marketing Executive,Ariel Thompson,39,47596,3,2,No,,10/28/2022,
E0778,Finance,Auditor,Brian Williams,42,199652,8,1,No,,1/30/2023,
E0779,Marketing,Marketing Executive,Marisa Smith,26,164728,9,1,Yes,Work-Life Balance,12/4/2015,6/28/2024
E0780,Finance,Financial Analyst,Amy Mckenzie,28,141223,8,2,No,,4/28/2016,
E0781,IT,Software Engineer,Kathy Wilson,56,54649,4,4,No,,3/25/2020,
E0782,Marketing,Content Creator,Michelle Williamson,32,129807,7,1,No,,4/28/2021,
E0783,IT,Data Analyst,Christine Stephenson,38,41007,4,5,No,,2/9/2023,
E0784,Operations,Logistics Officer,Mark Shaw Jr.,36,75773,4,3,No,,2/23/2022,
E0785,Finance,Auditor,Gregory Solis,54,118007,10,4,No,,8/15/2018,
E0786,Sales,Account Manager,Michael Smith,32,173575,2,5,No,,8/25/2019,
E0787,Operations,Quality Analyst,Patricia Garcia,24,119319,3,1,Yes,Work-Life Balance,3/29/2020,11/3/2021
E0788,Finance,Financial Analyst,Ronald Riley,48,81656,10,3,Yes,Work-Life Balance,4/1/2023,7/26/2025
E0789,Sales,Account Manager,Deanna Heath,58,50195,2,2,No,,12/24/2019,
E0790,HR,HR Specialist,Kevin Aguilar,28,59098,1,4,No,,4/4/2021,
E0791,IT,System Admin,Diana Watson,42,27046,1,1,Yes,Career Growth,7/22/2021,10/17/2022
E0792,Sales,Sales Executive,Christopher Larsen,23,180901,3,3,Yes,Work-Life Balance,7/5/2019,5/1/2023
E0793,Operations,Logistics Officer,Jessica Brown,40,69874,7,3,No,,12/29/2015,
E0794,IT,Data Analyst,Anthony Fowler,54,112966,3,1,Yes,Manager Issues,11/24/2021,8/13/2025
E0795,Sales,Account Manager,Jeremy Bryant,36,102278,5,1,No,,9/4/2021,
E0796,Finance,Financial Analyst,Kristen Thompson,34,182583,2,3,Yes,Work-Life Balance,11/24/2017,12/24/2021
E0797,Operations,Operations Associate,John Bowman,32,73025,10,5,No,,12/12/2016,
E0798,Finance,Accountant,Jennifer Brown,52,109297,3,4,No,,2/8/2022,
E0799,Operations,Logistics Officer,Stephanie Bennett,51,144330,3,4,Yes,Relocation,11/27/2020,6/22/2023
E0800,HR,Recruiter,Amanda Reyes,42,155330,4,3,No,,1/4/2022,
E0801,IT,System Admin,Alejandro King,60,174356,6,2,No,,5/28/2022,
E0802,IT,Data Analyst,Valerie Yates,60,108866,9,4,No,,10/2/2021,
E0803,Marketing,SEO Specialist,Stephanie Wallace,59,103060,8,2,Yes,Job Fit,12/9/2019,3/16/2025
E0804,Finance,Financial Analyst,Chase Roach,38,187545,1,5,No,,2/8/2017,
E0805,Sales,Sales Executive,Brenda Nielsen,26,167128,10,1,No,,6/23/2018,
E0806,Finance,Financial Analyst,Monica Gibson,46,179613,9,5,No,,12/9/2015,
E0807,Sales,Sales Executive,Sarah Patel,48,50131,8,5,Yes,Manager Issues,4/14/2019,10/16/2020
E0808,IT,Software Engineer,Amy Stevens,43,63150,5,5,No,,10/30/2022,
E0809,IT,Software Engineer,Michelle Brown,38,108923,7,1,No,,5/31/2021,
E0810,HR,Recruiter,Mark Villarreal,49,154092,9,5,No,,5/1/2016,
E0811,Sales,Sales Executive,Mark Schmidt,24,173269,3,4,No,,1/30/2019,
E0812,Marketing,SEO Specialist,Jennifer Brown,49,190612,4,1,No,,8/14/2023,
E0813,IT,Data Analyst,Mrs. Tracy Mckinney DDS,41,155731,3,1,Yes,Work-Life Balance,8/28/2016,1/6/2017
E0814,Finance,Financial Analyst,Jonathan Carlson,35,85982,2,4,No,,8/10/2020,
E0815,Finance,Auditor,Denise Davis,60,148528,2,4,Yes,Better Pay,8/12/2016,12/5/2022
E0816,Finance,Financial Analyst,Barry Rodriguez,39,31647,1,1,No,,4/26/2018,
E0817,IT,Data Analyst,Cheryl Washington,29,191406,0,3,Yes,Relocation,4/5/2019,7/19/2023
E0818,HR,Recruiter,Allen Herrera,55,140032,4,3,Yes,Better Pay,12/5/2019,2/12/2024
E0819,Operations,Operations Associate,Patrick Walker,46,137368,6,1,Yes,Job Fit,12/26/2020,11/24/2023
E0820,Finance,Auditor,Jeffrey Williams,59,186281,10,3,No,,5/12/2016,
E0821,Marketing,Marketing Executive,Kevin Woodard,22,55961,1,4,Yes,Job Fit,11/30/2022,11/10/2024
E0822,Sales,Account Manager,Lisa Hall,30,156275,8,2,No,,2/25/2018,
E0823,Marketing,SEO Specialist,Emma Castillo,24,146832,3,4,No,,1/28/2019,
E0824,Finance,Accountant,Daniel Dixon,28,165390,9,5,No,,1/30/2021,
E0825,Operations,Operations Associate,Carolyn Owens,44,132098,1,4,No,,10/21/2018,
E0826,HR,Recruiter,Jennifer Griffin,52,34376,7,2,No,,12/7/2022,
E0827,Finance,Auditor,Fred Castillo,37,105347,9,2,No,,11/16/2018,
E0828,Sales,Sales Rep,Kathryn Evans,28,161975,8,3,No,,9/23/2021,
E0829,IT,Data Analyst,Jessica Campbell,36,175736,9,3,No,,3/26/2018,
E0830,Operations,Logistics Officer,Joanne Reid,51,148283,10,5,Yes,Career Growth,7/14/2021,10/3/2021
E0831,Marketing,Marketing Executive,David Gallagher,58,160322,7,1,No,,1/21/2019,
E0832,Operations,Operations Associate,Nicholas Hammond,24,28088,6,5,Yes,Better Pay,2/21/2016,9/11/2017
E0833,HR,HR Specialist,Christopher Carney,48,61580,6,3,No,,1/15/2019,
E0834,Marketing,Content Creator,Tracy Sweeney,41,141248,9,1,No,,11/27/2021,
E0835,IT,Data Analyst,Timothy Livingston,37,34985,2,4,No,,5/22/2016,
E0836,Marketing,Content Creator,Gabrielle Coffey,34,36594,8,4,Yes,Manager Issues,5/3/2019,3/14/2025
E0837,HR,HR Coordinator,Raymond Thomas,29,133591,8,4,No,,12/9/2021,
E0838,HR,HR Coordinator,Richard Smith,22,37492,6,3,No,,2/9/2021,
E0839,IT,Software Engineer,Courtney Perez,30,29916,3,2,No,,5/13/2020,
E0840,IT,Software Engineer,Linda Wise,31,104488,10,1,No,,4/14/2019,
E0841,HR,HR Specialist,Kim Jensen,32,178488,3,4,No,,11/22/2015,
E0842,Sales,Account Manager,Justin Lynch,46,96183,9,5,No,,6/21/2022,
E0843,IT,Data Analyst,Sarah Sanford,33,148007,3,3,No,,1/11/2016,
E0844,IT,System Admin,Richard Wood,30,102410,8,5,Yes,Relocation,2/27/2023,7/26/2025
E0845,IT,System Admin,Cody Mclaughlin,36,148963,2,4,No,,11/24/2015,
E0846,Marketing,Content Creator,Cassandra Miranda,34,48168,6,2,No,,6/25/2020,
E0847,Finance,Auditor,Christine Davis,45,53367,8,1,Yes,Job Fit,3/7/2020,5/13/2020
E0848,Operations,Logistics Officer,Stephanie Williams,44,47497,10,1,Yes,Manager Issues,1/26/2019,3/5/2019
E0849,Sales,Account Manager,Russell Thomas,45,149546,0,5,Yes,Better Pay,12/6/2015,9/25/2020
E0850,Operations,Logistics Officer,David Simon,40,144837,5,5,Yes,Better Pay,5/22/2016,8/28/2024
E0851,HR,HR Specialist,Zachary Estes,30,142229,2,4,No,,11/25/2020,
E0852,Marketing,Content Creator,Brian Frazier,22,89205,1,2,Yes,Better Pay,8/28/2016,11/17/2021
E0853,Finance,Accountant,Maria Branch,28,192940,9,2,No,,12/28/2018,
E0854,Finance,Auditor,Lucas Nguyen,56,89325,9,1,Yes,Relocation,5/6/2016,12/5/2019
E0855,Operations,Operations Associate,Melissa Kelly,45,94234,9,1,No,,1/25/2023,
E0856,IT,System Admin,Michaela Parker,41,98785,6,4,No,,4/4/2017,
E0857,HR,HR Coordinator,Nicole Taylor,32,80150,2,5,No,,3/13/2018,
E0858,HR,HR Coordinator,Steven White,26,67507,5,3,Yes,Better Pay,9/9/2017,12/15/2024
E0859,Sales,Sales Rep,Richard Marquez,52,167364,3,1,No,,5/23/2018,
E0860,Finance,Financial Analyst,Jonathan Mitchell,23,199559,5,3,No,,10/15/2022,
E0861,Finance,Accountant,Lisa Anderson,32,104911,10,4,No,,3/8/2021,
E0862,Marketing,Content Creator,Stephen Boyd,41,160354,10,3,No,,1/16/2019,
E0863,Marketing,Marketing Executive,Paul Cameron,40,149595,6,4,Yes,Relocation,1/10/2021,4/17/2023
E0864,Finance,Accountant,Diana Myers,43,97807,9,4,No,,11/12/2017,
E0865,Marketing,SEO Specialist,Jeremy Meyer,53,180144,0,3,No,,10/26/2022,
E0866,Finance,Auditor,Natalie Robertson,44,133443,5,2,No,,11/3/2016,
E0867,Marketing,Marketing Executive,Jennifer Davidson,26,190828,1,1,No,,10/27/2015,
E0868,Operations,Quality Analyst,Derek Perez,36,105808,7,2,No,,5/30/2021,
E0869,IT,Data Analyst,Sean Wiley,36,135224,9,1,No,,10/10/2019,
E0870,Marketing,SEO Specialist,Nicholas Faulkner,25,128952,2,2,No,,10/4/2018,
E0871,IT,Software Engineer,Gary Murphy,37,81079,3,1,Yes,Better Pay,10/28/2021,5/16/2025
E0872,Sales,Sales Rep,Patricia Bruce,50,192948,4,3,Yes,Job Fit,9/14/2019,5/23/2023
E0873,Marketing,SEO Specialist,Michele Brown,36,149709,3,2,No,,10/6/2017,
E0874,IT,Software Engineer,Shane Henderson,60,85747,5,4,Yes,Career Growth,4/30/2016,7/31/2017
E0875,Marketing,SEO Specialist,Michael Campbell,42,164649,2,5,No,,10/30/2017,
E0876,Marketing,Content Creator,Christine Johnson,46,48449,6,3,No,,1/20/2023,
E0877,Operations,Operations Associate,David Diaz,34,157401,8,2,No,,10/22/2019,
E0878,Sales,Sales Rep,Denise Russo,41,175424,8,3,No,,1/22/2017,
E0879,Finance,Financial Analyst,Monica Lopez,48,131553,0,5,No,,5/25/2016,
E0880,Marketing,SEO Specialist,Beth Holt,26,47246,8,4,No,,11/2/2015,
E0881,Sales,Sales Executive,David Phelps,46,183351,0,5,No,,9/24/2017,
E0882,IT,Data Analyst,Anna Young,54,149589,10,2,No,,2/28/2016,
E0883,Sales,Account Manager,Jordan Miller,47,126236,3,4,Yes,Job Fit,6/1/2023,4/8/2025
E0884,Operations,Operations Associate,Nathan Frazier,60,112482,4,1,Yes,Work-Life Balance,2/20/2021,4/29/2021
E0885,IT,System Admin,Kenneth Jackson,23,88808,6,3,Yes,Job Fit,3/10/2023,6/25/2024
E0886,HR,HR Specialist,Debra Bullock,60,96040,10,2,No,,7/29/2020,
E0887,HR,Recruiter,Kristina Jefferson,56,166745,3,2,No,,2/12/2016,
E0888,HR,Recruiter,Emily Hinton,39,160137,1,4,No,,3/28/2022,
E0889,Finance,Auditor,Jason Estrada,40,26709,6,3,No,,4/13/2019,
E0890,Finance,Accountant,Denise Wilson,51,178453,3,2,No,,5/2/2016,
E0891,Finance,Accountant,Zachary Mcpherson,32,185552,7,5,No,,8/26/2017,
E0892,IT,Software Engineer,Jillian Johnson,57,118055,6,3,Yes,Manager Issues,8/18/2018,1/25/2019
E0893,IT,Software Engineer,Robert Johnson,35,81114,1,1,Yes,Career Growth,3/11/2016,7/9/2021
E0894,IT,System Admin,Michael Turner,53,40244,7,5,No,,5/20/2021,
E0895,Marketing,Content Creator,Nicholas Huffman,60,46393,5,5,No,,10/12/2020,
E0896,Finance,Auditor,Peter Bridges,29,48534,1,2,Yes,Job Fit,4/17/2022,11/21/2024
E0897,Sales,Account Manager,Allison Gray,41,63759,10,2,No,,4/10/2020,
E0898,Marketing,SEO Specialist,Dr. Regina Zuniga DVM,36,98459,8,4,No,,9/23/2020,
E0899,Operations,Logistics Officer,Natasha Sanchez,43,183016,10,5,No,,6/29/2016,
E0900,HR,HR Specialist,John Jordan,32,154745,4,3,No,,10/29/2019,
E0901,IT,Data Analyst,Joyce Ford,25,179401,0,1,No,,3/3/2017,
E0902,Sales,Account Manager,John Hall,52,122258,5,3,No,,3/13/2016,
E0903,Sales,Sales Executive,Mark Davis,43,131084,7,3,Yes,Relocation,8/27/2016,1/22/2018
E0904,Marketing,SEO Specialist,Allison Warner,55,198134,8,5,Yes,Relocation,11/10/2018,4/15/2020
E0905,Marketing,SEO Specialist,Kristin Miller,24,195434,3,3,Yes,Job Fit,4/14/2020,8/16/2020
E0906,Marketing,Marketing Executive,Mark Holland,42,132022,9,2,No,,1/30/2022,
E0907,IT,Data Analyst,Timothy Bates,28,165060,6,1,No,,3/12/2017,
E0908,Marketing,SEO Specialist,Aaron Monroe,47,122091,4,2,Yes,Better Pay,7/1/2017,7/4/2020
E0909,Finance,Accountant,Christine Mclean,56,116113,2,3,No,,10/12/2021,
E0910,Sales,Sales Rep,Megan Perry,60,134316,6,4,Yes,Relocation,5/23/2022,10/26/2024
E0911,Marketing,Content Creator,Melissa Erickson,24,27973,3,2,No,,6/7/2020,
E0912,HR,Recruiter,Whitney Thompson,47,95329,5,2,Yes,Career Growth,1/29/2018,9/2/2021
E0913,IT,Software Engineer,Randy Andrews,51,146785,9,2,No,,4/26/2019,
E0914,Sales,Sales Rep,Johnny Ramirez,35,45500,5,4,No,,8/5/2016,
E0915,IT,System Admin,James Wolfe,41,150714,1,2,No,,10/16/2020,
E0916,Operations,Quality Analyst,Jenny Guerra DDS,53,168841,0,5,No,,7/16/2019,
E0917,Operations,Quality Analyst,David Short,56,173999,8,4,Yes,Work-Life Balance,1/5/2016,12/26/2022
E0918,Operations,Quality Analyst,Katie Cook,26,38824,0,3,Yes,Better Pay,10/8/2020,1/24/2021
E0919,Sales,Sales Executive,Manuel Hughes,32,51202,6,4,No,,4/21/2021,
E0920,Finance,Financial Analyst,Amber Chung,42,139714,10,2,No,,1/13/2023,
E0921,Operations,Logistics Officer,Scott Craig,58,57350,6,1,Yes,Work-Life Balance,5/23/2017,1/28/2023
E0922,HR,HR Specialist,Kurt Sanchez,37,139356,6,4,No,,11/13/2016,
E0923,Sales,Account Manager,Joseph Smith,25,132777,9,2,Yes,Career Growth,9/4/2017,12/15/2021
E0924,Finance,Auditor,Michael Valencia,34,87435,7,5,No,,9/9/2022,
E0925,Marketing,Content Creator,Janice White,32,55127,1,4,No,,11/8/2021,
E0926,IT,Data Analyst,Brian Burch,41,51284,1,1,No,,8/25/2020,
E0927,IT,Data Analyst,Patricia Rose,57,124191,9,1,No,,10/29/2021,
E0928,IT,Data Analyst,Christopher Stevens,23,191163,1,2,No,,12/8/2020,
E0929,Finance,Auditor,Jesse Jacobs,57,36426,4,2,Yes,Work-Life Balance,5/4/2018,9/5/2023
E0930,Sales,Account Manager,Ashley Nguyen,24,86029,3,5,Yes,Work-Life Balance,6/3/2023,6/28/2024
E0931,Operations,Operations Associate,Erica Reynolds,36,88896,5,1,Yes,Relocation,10/13/2015,6/2/2023
E0932,IT,Data Analyst,Darryl Allen,49,191377,3,2,No,,2/12/2021,
E0933,Sales,Sales Rep,Jordan Fitzgerald,41,174034,6,3,Yes,Relocation,12/5/2016,3/25/2025
E0934,Operations,Quality Analyst,Brittney Schwartz,26,129513,5,5,No,,11/18/2016,
E0935,Finance,Auditor,Dr. Stacy Cain,35,150935,5,4,No,,1/4/2017,
E0936,Sales,Sales Rep,John Sandoval,33,121365,3,4,No,,4/1/2017,
E0937,Finance,Accountant,Cindy Sanders,31,89932,8,4,Yes,Job Fit,1/15/2017,8/18/2022
E0938,Sales,Sales Executive,Curtis Fitzgerald,53,45938,1,1,No,,3/8/2022,
E0939,Marketing,Content Creator,Katherine Davis,30,187560,9,5,Yes,Relocation,4/1/2020,10/31/2024
E0940,Operations,Logistics Officer,David Johnson,52,73026,10,1,No,,9/24/2018,
E0941,HR,HR Coordinator,Roberta Brown,50,180096,2,2,No,,9/9/2016,
E0942,HR,HR Specialist,Glenn Vance,27,91239,8,3,No,,5/25/2021,
E0943,HR,HR Specialist,Jacqueline Walker,37,132939,5,4,No,,1/30/2017,
E0944,Operations,Operations Associate,Joshua Ortiz,37,55382,4,4,No,,8/28/2016,
E0945,Finance,Accountant,David Munoz,53,91148,9,1,No,,5/8/2021,
E0946,IT,System Admin,David Jones,51,135308,0,1,No,,6/29/2016,
E0947,IT,Software Engineer,Jake Mosley,50,139987,10,3,Yes,Work-Life Balance,9/27/2017,10/26/2022
E0948,HR,Recruiter,Martin Reeves,58,169892,3,3,No,,2/2/2016,
E0949,Sales,Sales Rep,Mrs. Jocelyn Hamilton,45,155699,8,2,No,,3/16/2016,
E0950,Marketing,Marketing Executive,Brenda Drake,38,33076,1,2,No,,2/27/2023,
E0951,Sales,Sales Rep,Stacey Rivera,32,26702,10,4,No,,7/30/2021,
E0952,Sales,Sales Executive,Brian Welch,53,126634,2,1,No,,8/25/2018,
E0953,HR,HR Specialist,Mackenzie Henry,22,34036,5,4,No,,7/25/2019,
E0954,HR,HR Specialist,Brian Williams,41,197271,8,1,No,,10/31/2019,
E0955,Operations,Logistics Officer,Laura Burgess,34,69423,0,3,Yes,Job Fit,4/13/2022,6/8/2025
E0956,Operations,Quality Analyst,Michael Myers,28,117205,6,4,No,,11/24/2020,
E0957,Operations,Logistics Officer,Nicholas Johnson,53,38839,4,4,No,,2/23/2021,
E0958,Marketing,SEO Specialist,Jennifer Lambert,28,153207,6,4,Yes,Manager Issues,12/7/2016,12/25/2018
E0959,Marketing,SEO Specialist,Debra Hamilton,43,80725,9,1,Yes,Better Pay,8/16/2022,3/22/2025
E0960,HR,HR Specialist,Melissa Leblanc,46,158717,10,5,Yes,Job Fit,10/4/2022,11/20/2022
E0961,IT,Software Engineer,Michael Gonzalez,46,68105,0,1,No,,10/21/2019,
E0962,Operations,Quality Analyst,Bonnie Warner,51,94547,4,4,No,,8/26/2017,
E0963,Marketing,Content Creator,Brittany Harrison,56,118313,10,1,No,,5/9/2016,
E0964,Finance,Accountant,Karen Sheppard,29,25769,10,3,Yes,Manager Issues,12/29/2022,2/19/2024
E0965,Marketing,Content Creator,Jared Berger,57,188659,4,1,No,,1/20/2016,
E0966,Marketing,Content Creator,James Sanders,56,48668,2,4,No,,2/4/2019,
E0967,IT,Data Analyst,Dr. Philip Henry,28,176007,10,3,Yes,Work-Life Balance,10/26/2018,7/4/2024
E0968,IT,Software Engineer,Mr. Brandon Gallegos,27,162152,3,3,No,,7/23/2016,
E0969,HR,HR Coordinator,Mary Collins,52,99333,8,3,No,,3/15/2021,
E0970,Operations,Operations Associate,Ronald Barnes,33,82339,8,4,No,,8/14/2021,
E0971,Finance,Accountant,Juan Mercado,28,88455,9,3,No,,8/19/2018,
E0972,Finance,Auditor,Lorraine Carrillo,26,99361,9,1,Yes,Manager Issues,1/16/2022,8/14/2023
E0973,HR,HR Specialist,James Morales,38,141662,6,1,No,,5/21/2022,
E0974,Finance,Accountant,Ryan Carter,34,62144,10,2,Yes,Manager Issues,9/10/2016,12/7/2021
E0975,Operations,Quality Analyst,Anne Torres,31,25001,6,2,Yes,Work-Life Balance,3/3/2019,9/23/2021
E0976,Sales,Account Manager,Amy Ray,27,189084,6,2,Yes,Relocation,4/29/2018,5/21/2022
E0977,HR,HR Coordinator,Karen Stevenson,52,28069,3,2,No,,5/25/2023,
E0978,Sales,Sales Executive,Michael Peck,28,94867,5,5,No,,12/9/2020,
E0979,HR,Recruiter,Laura Ryan,29,75580,4,2,No,,10/6/2020,
E0980,Operations,Quality Analyst,Deborah Salazar,32,28151,9,2,No,,7/15/2019,
E0981,Sales,Sales Rep,Christine Martinez,43,44966,6,5,No,,7/4/2017,
E0982,Sales,Account Manager,Melissa Williams,45,136953,4,2,No,,10/7/2020,
E0983,HR,HR Specialist,Jeremy Fernandez,25,50974,0,3,No,,4/3/2017,
E0984,Finance,Financial Analyst,Michele Olson,37,98780,3,1,No,,6/6/2022,
E0985,HR,HR Specialist,Daniel Proctor,25,193645,2,1,Yes,Manager Issues,6/21/2019,6/29/2025
E0986,Operations,Logistics Officer,Amber Griffin,58,52505,10,1,No,,10/23/2020,
E0987,Marketing,SEO Specialist,Jaime Perez,30,49992,7,3,Yes,Better Pay,8/20/2017,6/6/2018
E0988,Operations,Quality Analyst,Jeremy Fitzgerald,56,118570,4,1,No,,4/29/2016,
E0989,Sales,Account Manager,Sherry Woods,32,31710,7,5,No,,4/9/2019,
E0990,IT,System Admin,Janet Harmon,52,70267,10,5,No,,6/7/2016,
E0991,Marketing,SEO Specialist,Shawn Oconnor,44,186716,7,1,Yes,Manager Issues,4/3/2020,2/1/2024
E0992,Sales,Account Manager,Jennifer Waters,29,86907,10,4,No,,3/3/2023,
E0993,Operations,Logistics Officer,Jocelyn Williams,25,77756,4,4,Yes,Better Pay,4/22/2017,9/3/2024
E0994,Operations,Operations Associate,Christopher Moore,26,118321,1,3,No,,9/17/2017,
E0995,Marketing,SEO Specialist,Emily Mullins,39,42679,1,3,No,,4/18/2018,
E0996,Finance,Auditor,Jeremiah Bruce,41,158470,0,1,Yes,Better Pay,9/7/2020,4/26/2024
E0997,Sales,Account Manager,Roger King,42,55912,5,1,No,,10/18/2020,
E0998,Marketing,Marketing Executive,Loretta Lynch,34,82989,4,4,Yes,Manager Issues,1/23/2020,8/16/2024
E0999,Operations,Logistics Officer,Deborah Cox,27,190295,2,3,Yes,Career Growth,5/1/2019,6/30/2022
E1000,Marketing,SEO Specialist,Lisa Martin,58,109427,1,1,Yes,Better Pay,6/20/2022,3/9/2024
E1001,IT,Software Engineer,Cathy Baker,48,37784,6,2,Yes,Work-Life Balance,12/24/2020,7/9/2023
E1002,Marketing,SEO Specialist,Jeffrey Salas,30,150984,5,2,No,,7/6/2021,
E1003,Finance,Auditor,Mark Duncan,25,131976,10,1,No,,4/29/2020,
E1004,HR,HR Coordinator,Andrea Burgess,54,165635,4,1,No,,6/28/2023,
E1005,Finance,Accountant,Elizabeth Williams,34,42191,6,1,No,,11/28/2016,
E1006,Operations,Logistics Officer,Micheal Johnson,44,191183,7,5,No,,12/5/2022,
E1007,Sales,Sales Rep,Craig Schmidt,35,113225,7,3,No,,7/28/2019,
E1008,Marketing,SEO Specialist,Edward Ramirez,59,108749,3,2,No,,3/12/2016,
E1009,Operations,Quality Analyst,Lauren Smith,56,69475,5,2,No,,10/13/2022,
E1010,Sales,Account Manager,Michael Davis,55,167867,6,5,Yes,Relocation,10/4/2015,10/2/2018
E1011,IT,Data Analyst,Melanie Perkins,41,139498,5,3,Yes,Better Pay,3/28/2019,4/26/2024
E1012,HR,Recruiter,John Williams,49,59738,4,1,No,,6/1/2023,
E1013,HR,HR Specialist,Tracy Myers,26,85964,1,4,No,,3/22/2021,
E1014,Sales,Sales Rep,Victor Benitez,34,189917,8,1,No,,3/16/2020,
E1015,Operations,Operations Associate,Elizabeth Stewart,34,137239,2,5,No,,10/26/2021,
E1016,IT,Software Engineer,Gabriela Fry,60,176711,7,2,No,,10/25/2017,
E1017,Finance,Financial Analyst,James Thomas,46,44747,4,3,Yes,Job Fit,4/7/2023,4/9/2023
E1018,Operations,Logistics Officer,Christy Roberts,25,197554,1,2,Yes,Manager Issues,6/20/2018,3/25/2024
E1019,Finance,Auditor,Elizabeth Cannon,43,107287,0,5,Yes,Job Fit,5/1/2016,12/26/2022
E1020,Marketing,SEO Specialist,Leonard Smith,51,70524,0,3,Yes,Manager Issues,1/20/2022,10/27/2022
E1021,Sales,Sales Executive,Ricky Miller,56,193488,5,1,No,,8/14/2018,
E1022,Operations,Operations Associate,Jacob Moore,43,74384,10,2,No,,9/14/2021,
E1023,Operations,Logistics Officer,Sheila Fritz,27,144520,3,4,No,,12/27/2017,
E1024,Operations,Quality Analyst,Judith White,52,63224,9,2,No,,10/29/2015,
E1025,Sales,Account Manager,Jonathan Miller,24,104633,9,2,No,,12/16/2017,
E1026,Operations,Logistics Officer,Brian Murphy,47,112157,1,5,No,,7/20/2019,
E1027,HR,HR Specialist,Ricky Sheppard,33,138251,0,5,No,,5/25/2020,
E1028,Marketing,Marketing Executive,Deborah Rivera,33,114400,7,5,Yes,Better Pay,1/27/2022,4/28/2024
E1029,Operations,Logistics Officer,Nicole Willis,37,86274,6,2,No,,7/16/2018,
E1030,IT,Software Engineer,Ariana King,41,170256,10,4,No,,8/10/2023,
E1031,IT,Software Engineer,Carlos Bowers,50,146709,8,4,Yes,Relocation,6/19/2019,3/20/2021
E1032,Operations,Logistics Officer,Deborah Phillips,48,66284,7,2,No,,4/9/2017,
E1033,Sales,Sales Rep,Bobby Reyes,56,146466,8,2,No,,6/18/2023,
E1034,Marketing,Marketing Executive,Tracey Duncan,56,197832,8,2,Yes,Career Growth,8/11/2021,1/27/2024
E1035,Finance,Financial Analyst,Jesus Sims,55,182621,6,1,No,,7/8/2022,
E1036,Sales,Account Manager,Daniel Carter,38,35393,0,2,Yes,Manager Issues,8/3/2023,7/21/2025
E1037,Finance,Financial Analyst,James Wilson,60,132814,9,5,Yes,Career Growth,10/18/2017,6/2/2024
E1038,Finance,Financial Analyst,Jacob Krueger,45,26301,9,3,Yes,Work-Life Balance,10/9/2015,2/6/2019
E1039,Sales,Account Manager,Rodney Avery,27,120189,0,3,Yes,Career Growth,8/20/2021,10/17/2024
E1040,Operations,Quality Analyst,Diane Marshall,32,179029,10,4,No,,5/26/2016,
E1041,HR,Recruiter,Samuel Ford,38,42303,6,1,No,,12/31/2017,
E1042,Operations,Operations Associate,Richard Thompson,37,194683,6,5,No,,7/3/2023,
E1043,Finance,Accountant,Richard Brown,45,123322,6,1,Yes,Manager Issues,10/28/2017,3/6/2024
E1044,IT,Data Analyst,Katelyn Hamilton,50,55623,9,5,No,,3/16/2017,
E1045,Marketing,Content Creator,Keith Nguyen,56,83360,10,2,No,,8/17/2019,
E1046,HR,HR Specialist,William Jordan,31,86454,10,3,No,,5/17/2022,
E1047,Operations,Quality Analyst,Jacob Davis,37,196172,7,2,Yes,Career Growth,3/19/2018,2/17/2023
E1048,Marketing,SEO Specialist,Jessica Stout,59,102403,10,1,Yes,Relocation,6/19/2021,7/7/2022
E1049,Marketing,Content Creator,Veronica Hernandez,28,31257,6,2,No,,9/6/2020,
E1050,Finance,Financial Analyst,Nicholas Gomez,23,153919,10,5,No,,8/15/2020,
E1051,Sales,Sales Executive,Dr. John Moore PhD,38,89569,4,1,No,,5/7/2016,
E1052,Operations,Operations Associate,John Johnson,42,189434,1,1,No,,11/14/2016,
E1053,Finance,Accountant,James Wright,49,150722,9,3,Yes,Career Growth,11/2/2018,10/24/2019
E1054,HR,HR Coordinator,Ronnie Jones,49,175613,4,5,Yes,Manager Issues,8/20/2017,11/5/2019
E1055,IT,Software Engineer,Meghan Mcintosh,23,166721,10,5,No,,6/19/2023,
E1056,Marketing,Marketing Executive,Julie Mills,24,34163,10,5,No,,4/23/2016,
E1057,Sales,Sales Executive,Richard Davis,56,57110,6,5,No,,6/4/2023,
E1058,HR,HR Specialist,Tracy Nelson,26,195375,7,3,No,,4/30/2021,
E1059,Marketing,SEO Specialist,Dawn Levy,34,95046,9,2,No,,2/9/2023,
E1060,Sales,Sales Executive,Riley Hernandez,36,146988,5,4,Yes,Better Pay,12/19/2016,6/30/2020
E1061,HR,Recruiter,Emily Sweeney,49,195824,5,2,Yes,Work-Life Balance,11/27/2019,7/15/2023
E1062,Marketing,Marketing Executive,Samantha Mason,55,111034,7,4,Yes,Relocation,4/21/2021,6/23/2025
E1063,Finance,Auditor,Maria Santos,40,47934,10,1,No,,1/14/2018,
E1064,Marketing,Content Creator,Amy Rowe MD,27,118073,7,4,Yes,Better Pay,12/10/2015,12/4/2017
E1065,Finance,Financial Analyst,Philip Long,38,147204,10,5,No,,12/6/2021,
E1066,HR,HR Specialist,Robert Johnson,42,177638,9,1,No,,11/16/2021,
E1067,IT,System Admin,David Choi,37,144007,2,5,Yes,Relocation,9/16/2015,8/18/2020
E1068,Operations,Operations Associate,Brian Lynch,38,149422,7,4,No,,6/11/2017,
E1069,Marketing,Content Creator,Cheryl Davis,37,57971,2,5,Yes,Career Growth,3/18/2022,2/14/2023
E1070,HR,HR Coordinator,Yolanda Williams,44,43275,2,1,No,,9/30/2021,
E1071,Sales,Account Manager,Tracy Frank,59,58825,1,5,No,,12/25/2020,
E1072,HR,HR Coordinator,Judith Gray,56,48354,8,5,No,,4/13/2019,
E1073,IT,Data Analyst,Mrs. Nicole Obrien,22,31185,8,3,No,,9/26/2020,
E1074,IT,Data Analyst,Robert Green DVM,51,143377,6,5,Yes,Manager Issues,9/29/2020,2/10/2023
E1075,HR,HR Specialist,Joy Hudson,29,128165,6,4,No,,10/7/2019,
E1076,Sales,Sales Executive,Daniel Webster,43,102981,10,5,No,,9/7/2020,
E1077,Sales,Account Manager,Courtney Graham,23,120895,10,2,Yes,Manager Issues,3/10/2019,5/9/2025
E1078,Sales,Sales Rep,Margaret Beltran,33,190820,0,1,No,,1/13/2020,
E1079,Marketing,Content Creator,Michael Chandler,35,53809,3,2,No,,9/24/2021,
E1080,IT,Software Engineer,Ian Patterson,26,114906,9,5,No,,5/1/2021,
E1081,IT,Software Engineer,Michael Daniels,37,64522,8,2,No,,12/29/2017,
E1082,Operations,Quality Analyst,Edgar Elliott,37,68179,4,3,No,,11/17/2015,
E1083,Operations,Logistics Officer,James Jackson MD,56,81562,1,2,No,,11/23/2018,
E1084,HR,HR Coordinator,Christopher Martin,29,37117,6,5,Yes,Manager Issues,9/16/2016,7/8/2022
E1085,Marketing,Content Creator,Lauren Brown,52,92542,9,3,Yes,Better Pay,10/29/2018,8/9/2019
E1086,HR,HR Coordinator,Brian Shepherd,38,44730,4,5,No,,7/11/2021,
E1087,HR,Recruiter,Monica Smith,42,47281,7,4,No,,7/9/2022,
E1088,HR,HR Specialist,Andrew Willis,39,120029,6,5,Yes,Career Growth,8/7/2022,3/21/2023
E1089,Marketing,Content Creator,John Stevens,22,66289,1,1,No,,4/19/2018,
E1090,IT,Data Analyst,Wendy Schmidt,52,133279,1,1,No,,10/28/2021,
E1091,Marketing,SEO Specialist,Michael Lester,49,179448,4,3,No,,9/7/2018,
E1092,Finance,Auditor,Sara Anderson,57,46957,7,5,Yes,Relocation,12/7/2017,5/21/2023
E1093,HR,HR Specialist,Thomas Pace,44,104411,5,3,Yes,Work-Life Balance,1/14/2022,7/22/2025
E1094,Operations,Logistics Officer,Crystal Williams,46,147544,6,1,No,,5/24/2016,
E1095,Operations,Logistics Officer,Andre Nguyen,49,158111,10,2,No,,10/12/2021,
E1096,Finance,Accountant,Charlotte Morgan,34,113422,4,4,No,,9/27/2021,
E1097,IT,Data Analyst,Emma Vargas,43,37246,1,4,Yes,Work-Life Balance,4/17/2018,9/4/2021
E1098,Finance,Financial Analyst,Charles Paul,31,117635,9,3,No,,12/15/2022,
E1099,IT,System Admin,Kevin Taylor,42,49073,2,1,No,,4/30/2018,
E1100,IT,Software Engineer,Margaret Harrell,47,118148,7,4,Yes,Manager Issues,12/31/2022,8/1/2023
E1101,Operations,Quality Analyst,Clinton Miranda,50,184849,1,5,No,,8/9/2019,
E1102,Marketing,Content Creator,Kevin Williams,42,87928,6,1,No,,4/8/2022,
E1103,Marketing,Marketing Executive,Kimberly Hernandez,41,49219,8,5,Yes,Job Fit,9/10/2020,4/3/2021
E1104,Finance,Auditor,Jamie Cruz,27,195650,1,1,Yes,Work-Life Balance,11/19/2019,11/3/2024
E1105,HR,HR Coordinator,Jacob May,46,135454,4,5,No,,2/24/2017,
E1106,Sales,Sales Executive,Randy Lawrence,37,98327,0,4,No,,12/7/2019,
E1107,Operations,Operations Associate,Phillip Gonzalez,34,28038,2,3,No,,10/24/2019,
E1108,Marketing,Marketing Executive,Karen Ross DDS,48,133210,8,1,No,,11/8/2016,
E1109,Finance,Auditor,Kristen Johnson,36,157269,10,3,Yes,Career Growth,1/8/2021,5/2/2024
E1110,Finance,Auditor,Charles Richardson,59,180932,9,5,No,,11/1/2018,
E1111,Marketing,Marketing Executive,Thomas Cox,45,142104,1,4,No,,8/11/2017,
E1112,Marketing,Marketing Executive,Erik Anderson,33,131155,7,2,Yes,Manager Issues,8/4/2023,2/27/2025
E1113,Finance,Accountant,James Everett,53,75515,10,5,No,,9/6/2017,
E1114,Sales,Sales Rep,Margaret Ford,44,148532,8,5,No,,11/17/2020,
E1115,IT,System Admin,Casey Pollard,35,183560,1,3,No,,7/10/2016,
E1116,HR,HR Coordinator,Christopher Moses,55,114528,8,1,Yes,Job Fit,3/4/2021,1/30/2025
E1117,Marketing,SEO Specialist,Annette Mercer,54,41069,3,4,Yes,Manager Issues,5/1/2022,7/21/2024
E1118,Marketing,Content Creator,Michael Gomez,35,187970,3,2,No,,11/15/2016,
E1119,IT,Software Engineer,Stephanie Bradley,29,88925,2,5,No,,2/26/2020,
E1120,Operations,Quality Analyst,Melanie Leonard,41,71584,8,1,No,,8/8/2019,
E1121,HR,HR Coordinator,Kristen Hill,40,123301,4,1,No,,10/17/2018,
E1122,Finance,Auditor,Monica Leonard,52,116325,4,4,Yes,Job Fit,9/17/2019,2/7/2022
E1123,Sales,Account Manager,Stephanie Jacobson,32,73813,9,3,Yes,Relocation,2/17/2020,3/14/2024
E1124,Marketing,SEO Specialist,Joanne Lee,27,104913,10,2,No,,12/16/2016,
E1125,Finance,Auditor,Dan Hernandez,40,73586,8,3,Yes,Job Fit,7/20/2016,11/16/2022
E1126,Marketing,SEO Specialist,Zachary Evans,54,156951,6,2,No,,12/25/2022,
E1127,Finance,Auditor,Donald Barton,57,162873,5,3,No,,2/23/2023,
E1128,HR,HR Coordinator,Emily Ellis,59,128772,3,3,No,,2/19/2017,
E1129,IT,Data Analyst,Katherine Warner,34,178515,6,4,Yes,Relocation,3/11/2021,9/21/2024
E1130,HR,HR Coordinator,James Hall,30,123514,6,2,Yes,Job Fit,3/3/2016,3/6/2022
E1131,HR,Recruiter,Patrick Mooney,48,143866,5,4,No,,5/6/2017,
E1132,Sales,Sales Rep,Walter Morris,54,28508,1,1,No,,9/18/2017,
E1133,Marketing,Marketing Executive,Jaclyn Lopez,40,93739,4,5,No,,8/9/2022,
E1134,HR,HR Specialist,Donald Murillo,44,166305,8,2,No,,11/19/2016,
E1135,IT,System Admin,Alexander Erickson,31,157952,10,1,Yes,Job Fit,11/18/2016,1/31/2022
E1136,Operations,Operations Associate,John Clay,27,54544,9,4,No,,7/9/2016,
E1137,Marketing,Content Creator,Patricia Morales,58,85486,8,3,Yes,Career Growth,12/17/2016,1/8/2018
E1138,Operations,Operations Associate,Yvonne Ingram,25,184010,10,5,No,,1/23/2020,
E1139,Finance,Accountant,Donna Caldwell,57,152754,5,1,No,,7/27/2022,
E1140,HR,HR Coordinator,Joshua Wells,23,87081,6,3,No,,8/4/2023,
E1141,HR,HR Specialist,Ruth Jones,37,113415,10,2,No,,3/4/2017,
E1142,IT,Data Analyst,Kelly Shelton,59,152857,10,5,No,,5/3/2019,
E1143,IT,System Admin,Kim Hernandez,48,100528,4,3,No,,10/22/2018,
E1144,Finance,Financial Analyst,Kenneth Campos,31,49622,9,1,Yes,Work-Life Balance,11/27/2022,2/17/2025
E1145,Operations,Operations Associate,Christina Bradley,46,69106,4,2,No,,8/24/2022,
E1146,IT,Software Engineer,Douglas Lynch,54,27746,0,5,No,,5/24/2016,
E1147,HR,HR Coordinator,Donna Richards,41,192225,7,2,Yes,Manager Issues,4/22/2022,7/31/2025
E1148,HR,HR Specialist,Jennifer Green,53,93279,8,4,No,,8/28/2018,
E1149,Marketing,Marketing Executive,Kevin Austin,31,100334,7,3,Yes,Relocation,12/28/2018,9/16/2022
E1150,Operations,Operations Associate,Zachary Wu,36,82282,0,2,Yes,Better Pay,3/18/2017,1/14/2025
E1151,Finance,Financial Analyst,Joan Davis,41,95104,1,1,No,,9/20/2018,
E1152,IT,Software Engineer,Sherry Walker,23,57434,4,1,Yes,Career Growth,10/24/2022,8/20/2023
E1153,Operations,Quality Analyst,Nicholas Shelton,43,118999,8,4,No,,5/12/2016,
E1154,Finance,Accountant,Robert Buckley,28,148248,4,3,No,,9/23/2019,
E1155,Marketing,Marketing Executive,Heather Moore,42,97151,9,1,No,,12/17/2021,
E1156,Marketing,SEO Specialist,Zachary Kelley,60,50298,10,5,Yes,Relocation,1/16/2019,4/7/2025
E1157,Finance,Accountant,Pamela Allen,33,184213,10,2,Yes,Job Fit,6/7/2018,3/5/2020
E1158,Marketing,Content Creator,Timothy Robles,43,174449,4,2,No,,9/19/2016,
E1159,Finance,Accountant,Matthew Mckenzie,54,100972,0,2,Yes,Career Growth,7/15/2016,6/26/2025
E1160,Operations,Logistics Officer,Patricia Taylor,37,48254,5,1,No,,7/30/2018,
E1161,IT,Software Engineer,Michael Mullen,25,63208,9,3,No,,6/30/2019,
E1162,Operations,Operations Associate,John Skinner,46,180738,7,1,Yes,Work-Life Balance,8/30/2018,12/29/2021
E1163,HR,HR Coordinator,Brian Shaw,37,103045,3,5,No,,6/10/2020,
E1164,IT,Software Engineer,Martin Townsend,52,92063,7,5,Yes,Work-Life Balance,6/27/2018,5/24/2023
E1165,Sales,Account Manager,Jonathan Williams,40,28860,1,3,No,,10/16/2021,
E1166,Finance,Accountant,Cassidy Cruz,27,103950,9,1,No,,7/6/2019,
E1167,Marketing,Content Creator,Lorraine Ramos,30,65950,8,1,No,,10/10/2020,
E1168,Finance,Accountant,Donna Jackson,41,195890,5,5,Yes,Job Fit,9/22/2021,4/20/2024
E1169,Marketing,SEO Specialist,Robert Shelton,31,195065,9,1,No,,7/15/2021,
E1170,Finance,Auditor,Ariana Lamb,49,42992,0,1,No,,2/12/2022,
E1171,Sales,Account Manager,Robert Donovan,47,51985,5,2,No,,5/9/2020,
E1172,Finance,Financial Analyst,Mary Walker,29,180939,0,5,No,,11/19/2016,
E1173,Operations,Quality Analyst,Joshua Johnson,58,183144,3,1,No,,7/21/2017,
E1174,Finance,Auditor,Jack Wilson,26,170777,2,2,Yes,Work-Life Balance,1/2/2020,7/2/2021
E1175,Sales,Sales Rep,Shannon Fletcher,22,74137,1,2,No,,9/30/2015,
E1176,Marketing,SEO Specialist,Jeffrey Beard,60,37883,10,4,No,,4/14/2023,
E1177,Operations,Quality Analyst,Patricia Harrison,50,105830,3,5,Yes,Job Fit,8/22/2021,5/21/2024
E1178,Operations,Quality Analyst,Joseph Higgins,24,141875,8,3,Yes,Manager Issues,6/4/2016,7/29/2025
E1179,HR,Recruiter,John Alvarado,33,51721,6,4,No,,7/15/2018,
E1180,Operations,Logistics Officer,Julie Morrison,40,160933,8,1,No,,5/2/2021,
E1181,Sales,Sales Rep,Wendy White,39,54257,10,2,Yes,Better Pay,3/6/2023,8/1/2023
E1182,Finance,Financial Analyst,William Rodriguez,51,64185,0,4,No,,10/15/2021,
E1183,Operations,Quality Analyst,Ricardo Lester,27,124537,4,5,No,,2/22/2023,
E1184,Operations,Quality Analyst,Steven Bishop,22,39987,7,4,No,,3/29/2016,
E1185,Finance,Auditor,Scott Jennings MD,54,40510,1,3,No,,6/17/2019,
E1186,Marketing,SEO Specialist,Austin Miller,56,104207,6,2,Yes,Relocation,7/8/2021,8/12/2023
E1187,Operations,Operations Associate,Jennifer Howell,28,111122,9,5,No,,5/1/2016,
E1188,HR,HR Specialist,Heidi Terry,55,55379,7,4,No,,1/30/2016,
E1189,Finance,Financial Analyst,Kenneth Miller,43,96550,6,5,No,,1/26/2019,
E1190,HR,HR Specialist,Anthony Hull,48,134540,7,3,Yes,Work-Life Balance,7/12/2021,2/26/2025
E1191,HR,HR Specialist,Joseph Winters,35,91091,8,5,Yes,Better Pay,6/25/2023,9/2/2024
E1192,Marketing,Content Creator,Amanda Mann,22,81473,10,2,No,,8/19/2020,
E1193,Sales,Account Manager,Linda Allen,47,31548,0,1,No,,10/3/2021,
E1194,Marketing,Content Creator,Eileen Robinson,44,162675,9,5,Yes,Better Pay,4/18/2022,9/1/2023
E1195,Operations,Quality Analyst,Anna Henry,29,126510,3,5,No,,9/26/2017,
E1196,HR,HR Specialist,Christopher Bullock,31,112837,3,4,Yes,Work-Life Balance,4/13/2023,6/24/2023
E1197,Finance,Auditor,Victor Meza,56,128329,9,1,No,,1/25/2023,
E1198,Marketing,SEO Specialist,Anthony Kent,24,94684,7,2,No,,12/28/2017,
E1199,Finance,Financial Analyst,Lauren Gray,49,116264,10,5,Yes,Manager Issues,9/6/2022,2/23/2023
E1200,Finance,Auditor,Kathleen Blair,37,55277,3,3,No,,8/7/2019,
